Coin,quote_currency,cryptopair
BTC,USD,BTCUSD
ETH,USD,ETHUSD
USDT,USD,USDTUSD
XRP,USD,XRPUSD
BNB,USD,BNBUSD
SOL,USD,SOLUSD
USDC,USD,USDCUSD
DOGE,USD,DOGEUSD
TRX,USD,TRXUSD
ADA,USD,ADAUSD
HYPE,HUSD,HYPEHUSD
SUI,USD,SUIUSD
LINK,USD,LINKUSD
AVAX,USD,AVAXUSD
XLM,USD,XLMUSD
BCH,USD,BCHUSD
LEO,USD,LEOUSD
TON,USD,TONUSD
SHIB,USD,SHIBUSD
HBAR,USD,HBARUSD
LTC,USD,LTCUSD
DOT,USD,DOTUSD
XMR,USD,XMRUSD
BGB,USD,BGBUSD
ABYS,SFUSD,ABYSSFUSD
DAI,USD,DAIUSD
PEPE,USD,PEPEUSD
PI,USD,PIUSD
UNI,USD,UNIUSD
AAVE,USD,AAVEUSD
TAO,BUSD,TAOBUSD
OKB,USD,OKBUSD
NEAR,USD,NEARUSD
APT,RUSD,APTRUSD
CRO,USD,CROUSD
ETC,USD,ETCUSD
ONDO,USD,ONDOUSD
ICP,USD,ICPUSD
GT,USD,GTUSD
MNT,USD,MNTUSD
KAS,USD,KASUSD
USD1,WUSD,USD1WUSD
POL,IUSD,POLIUSD
TRUMP,DUSD,TRUMPDUSD
VET,USD,VETUSD
RENDER,USD,RENDERUSD
WLD,WUSD,WLDWUSD
ENA,USD,ENAUSD
FET,USD,FETUSD
FIL,USD,FILUSD
ATOM,USD,ATOMUSD
FDUSD,USD,FDUSDUSD
ARB,IUSD,ARBIUSD
ALGO,USD,ALGOUSD
SKY,2USD,SKY2USD
JUP,IUSD,JUPIUSD
KCS,USD,KCSUSD
TIA,2USD,TIA2USD
VIRTUAL,USD,VIRTUALUSD
QNT,USD,QNTUSD
BONK,USD,BONKUSD
INJ,USD,INJUSD
DEXE,USD,DEXEUSD
S,DUSD,SDUSD
STX,USD,STXUSD
FORM,FUSD,FORMFUSD
IP,USD,IPUSD
OP,USD,OPUSD
FLR,USD,FLRUSD
FARTCOIN,USD,FARTCOINUSD
SEI,USD,SEIUSD
IMX,USD,IMXUSD
A,DUSD,ADUSD
XDC,USD,XDCUSD
GRT,USD,GRTUSD
PYUSD,USD,PYUSDUSD
CRV,USD,CRVUSD
SPX,CUSD,SPXCUSD
XAUT,USD,XAUTUSD
PAXG,USD,PAXGUSD
WIF,USD,WIFUSD
NEXO,USD,NEXOUSD
ZEC,USD,ZECUSD
FLOKI,USD,FLOKIUSD
JASMY,USD,JASMYUSD
ENS,USD,ENSUSD
THETA,USD,THETAUSD
LDO,USD,LDOUSD
CAKE,USD,CAKEUSD
GALA,USD,GALAUSD
RAY,USD,RAYUSD
CORE,USD,COREUSD
SAND,USD,SANDUSD
IOTA,USD,IOTAUSD
BTT,USD,BTTUSD
BSV,USD,BSVUSD
PENDLE,USD,PENDLEUSD
PYTH,USD,PYTHUSD
WAL,RUSD,WALRUSD
KAIA,USD,KAIAUSD
PENGU,PUDUSD,PENGUPUDUSD
ZKJ,USD,ZKJUSD
XTZ,USD,XTZUSD
HNT,USD,HNTUSD
RUNE,USD,RUNEUSD
FLOW,USD,FLOWUSD
XCN,USD,XCNUSD
JTO,USD,JTOUSD
MANA,USD,MANAUSD
AB,2USD,AB2USD
TUSD,USD,TUSDUSD
BRETT,2USD,BRETT2USD
ZBCN,USD,ZBCNUSD
KAVA,USD,KAVAUSD
APE,USD,APEUSD
DEEP,BUSD,DEEPBUSD
KAITO,USD,KAITOUSD
ATH,HUSD,ATHHUSD
GRASS,2USD,GRASS2USD
LPT,USD,LPTUSD
NFT,USD,NFTUSD
EGLD,USD,EGLDUSD
AERO,DUSD,AERODUSD
DOG,GUSD,DOGGUSD
AIOZ,USD,AIOZUSD
AR,USD,ARUSD
DYDX,USD,DYDXUSD
NEO,USD,NEOUSD
STRK,USD,STRKUSD
RSR,USD,RSRUSD
AXS,USD,AXSUSD
AGT,ALUSD,AGTALUSD
EIGEN,USD,EIGENUSD
RON,USD,RONUSD
USDD,USD,USDDUSD
SUPER,USD,SUPERUSD
CFX,USD,CFXUSD
COMP,USD,COMPUSD
CHZ,USD,CHZUSD
SUN,USD,SUNUSD
FTT,USD,FTTUSD
ETHFI,USD,ETHFIUSD
AMP,2USD,AMP2USD
SYRUP,USD,SYRUPUSD
MORPHO,USD,MORPHOUSD
MOG,USD,MOGUSD
W,USD,WUSD
MOVE,BUSD,MOVEBUSD
POPCAT,2USD,POPCAT2USD
GNO,USD,GNOUSD
JST,USD,JSTUSD
TWT,USD,TWTUSD
LUNC,USD,LUNCUSD
AKT,USD,AKTUSD
BEAM,USD,BEAMUSD
OM,USD,OMUSD
SAFE,USD,SAFEUSD
AXL,IUSD,AXLIUSD
MEW,USD,MEWUSD
1INCH,USD,1INCHUSD
TURBO,USD,TURBOUSD
CHEEMS,CUSD,CHEEMSCUSD
CTC,USD,CTCUSD
DASH,USD,DASHUSD
BERA,USD,BERAUSD
CVX,USD,CVXUSD
KSM,USD,KSMUSD
MINA,USD,MINAUSD
FXS,USD,FXSUSD
AIC,OMPUSD,AICOMPUSD
MX,USD,MXUSD
ZRO,LUSD,ZROLUSD
DCR,USD,DCRUSD
SFP,USD,SFPUSD
NXPC,USD,NXPCUSD
GLM,USD,GLMUSD
TFUEL,USD,TFUELUSD
SNX,USD,SNXUSD
AI16Z,USD,AI16ZUSD
NOT,USD,NOTUSD
BABYDOGE,USD,BABYDOGEUSD
AIMX,MUSD,AIMXMUSD
ZIL,USD,ZILUSD
TRAC,USD,TRACUSD
IOTX,USD,IOTXUSD
QTUM,USD,QTUMUSD
BLUR,USD,BLURUSD
ROSE,USD,ROSEUSD
AIX,ALUSD,AIXALUSD
MASK,USD,MASKUSD
AKI,NUSD,AKINUSD
CKB,USD,CKBUSD
ASTR,USD,ASTRUSD
MOODENG,USD,MOODENGUSD
ZRX,USD,ZRXUSD
ACH,USD,ACHUSD
BAT,USD,BATUSD
ZK,FUSD,ZKFUSD
GAS,USD,GASUSD
VTHO,USD,VTHOUSD
STETH,USD,STETHUSD
WBTC,USD,WBTCUSD
UGOLD,USD,UGOLDUSD
WSTETH,USD,WSTETHUSD
EDLC,USD,EDLCUSD
WETH,USD,WETHUSD
SMART,2USD,SMART2USD
USDS,2USD,USDS2USD
AETHWETH,USD,AETHWETHUSD
WBETH,USD,WBETHUSD
WEETH,USD,WEETHUSD
ZETRIX,USD,ZETRIXUSD
BDTC,USD,BDTCUSD
CBBTC,CUSD,CBBTCCUSD
AETHUSDT,USD,AETHUSDTUSD
L1X,USD,L1XUSD
SUSDE,USD,SUSDEUSD
JITOSOL,USD,JITOSOLUSD
WBT,USD,WBTUSD
NXQ,USD,NXQUSD
LION,USD,LIONUSD
FTN,USD,FTNUSD
HTX,USD,HTXUSD
LBTC,USD,LBTCUSD
MRS,TUSD,MRSTUSD
JLP,USD,JLPUSD
BNSOL,USD,BNSOLUSD
MKR,USD,MKRUSD
LEMX,LUSD,LEMXLUSD
SDAI,USD,SDAIUSD
BIT,DUSD,BITDUSD
AMC,AIUSD,AMCAIUSD
RSETH,USD,RSETHUSD
SUT,SUSD,SUTSUSD
EOS,USD,EOSUSD
METH,USD,METHUSD
ZBU,USD,ZBUUSD
HUGE,USD,HUGEUSD
EZETH,USD,EZETHUSD
FLZ,USD,FLZUSD
RYO,TUSD,RYOTUSD
WHITE,RUSD,WHITERUSD
MSOL,USD,MSOLUSD
SOLVBTCBBN,USD,SOLVBTCBBNUSD
USD0,USD,USD0USD
USDY,OUSD,USDYOUSD
CMETH,USD,CMETHUSD
TBTC,USD,TBTCUSD
BDX,USD,BDXUSD
USDF,FUSD,USDFFUSD
MSQ,USD,MSQUSD
KLAY,USD,KLAYUSD
B,USD,BUSD
LSETH,USD,LSETHUSD
UPC,USD,UPCUSD
TEL,USD,TELUSD
CBETH,USD,CBETHUSD
APP,MUSD,APPMUSD
BZR,USD,BZRUSD
APU,APUSD,APUAPUSD
OHM,USD,OHMUSD
SVTS,USD,SVTSUSD
APEPE,AUSD,APEPEAUSD
USDG,GUSD,USDGGUSD
RLUSD,USD,RLUSDUSD
ARMY,XUSD,ARMYXUSD
CHEEL,USD,CHEELUSD
SEED,2USD,SEED2USD
PLUME,USD,PLUMEUSD
KTA,USD,KTAUSD
SFRXETH,USD,SFRXETHUSD
BETH,USD,BETHUSD
USDA,USD,USDAUSD
GHO,USD,GHOUSD
SAROS,USD,SAROSUSD
USR,USD,USRUSD
OCEAN,USD,OCEANUSD
EURC,USD,EURCUSD
BORG,USD,BORGUSD
LGCT,USD,LGCTUSD
KOGE,USD,KOGEUSD
KULA,USD,KULAUSD
AGENTFUN,USD,AGENTFUNUSD
ALE,USD,ALEUSD
CHEX,USD,CHEXUSD
TRIBE,USD,TRIBEUSD
CELO,USD,CELOUSD
NEIRO,USD,NEIROUSD
DRIFT,USD,DRIFTUSD
HASUI,USD,HASUIUSD
DEUSD,USD,DEUSDUSD
SNEK,USD,SNEKUSD
SC,USD,SCUSD
VANA,2USD,VANA2USD
COW,USD,COWUSD
ID,USD,IDUSD
GOMINING,USD,GOMININGUSD
BSOL,USD,BSOLUSD
YFI,USD,YFIUSD
ZETA,CUSD,ZETACUSD
ONE,USD,ONEUSD
SUSHI,USD,SUSHIUSD
SISC,USD,SISCUSD
ORDI,USD,ORDIUSD
HOT,USD,HOTUSD
QUBIC,USD,QUBICUSD
AIXBT,USD,AIXBTUSD
MLNK,USD,MLNKUSD
SOS,USD,SOSUSD
ELF,USD,ELFUSD
EUL,USD,EULUSD
LAYER,USD,LAYERUSD
BARA,CUSD,BARACUSD
CSPR,USD,CSPRUSD
RVN,USD,RVNUSD
POKT,USD,POKTUSD
XCH,USD,XCHUSD
MELANIA,OUSD,MELANIAOUSD
STRX,USD,STRXUSD
ATEM,NUSD,ATEMNUSD
ANKR,USD,ANKRUSD
DGB,USD,DGBUSD
ORCA,USD,ORCAUSD
PUFETH,USD,PUFETHUSD
KAU,USD,KAUUSD
SUMMIT,USD,SUMMITUSD
UXLINK,USD,UXLINKUSD
ETHW,USD,ETHWUSD
BANANAS31,FOUSD,BANANAFOUSD
OSMO,USD,OSMOUSD
ZCD,USD,ZCDUSD
T,USD,TUSD
ZANO,USD,ZANOUSD
BABY,USD,BABYUSD
SCARCITY,USD,SCARCITYUSD
GMX,USD,GMXUSD
XYO,USD,XYOUSD
KDA,USD,KDAUSD
WELL,USD,WELLUSD
GMT,USD,GMTUSD
SXT,USD,SXTUSD
DSYNC,USD,DSYNCUSD
WCT,WUSD,WCTWUSD
WOO,USD,WOOUSD
BCB,USD,BCBUSD
SQD,USD,SQDUSD
ZIG,USD,ZIGUSD
BIO,TUSD,BIOTUSD
ZEN,USD,ZENUSD
VCITY,USD,VCITYUSD
CRVUSD,USD,CRVUSDUSD
ENJ,USD,ENJUSD
FRXETH,USD,FRXETHUSD
ABEY,USD,ABEYUSD
POLYX,USD,POLYXUSD
RLB,USD,RLBUSD
IO,IUSD,IOIUSD
AUSD,TUSD,AUSDTUSD
HMSTR,USD,HMSTRUSD
SWFTC,USD,SWFTCUSD
SNT,USD,SNTUSD
WAVES,USD,WAVESUSD
AICE,USD,AICEUSD
ANIME,CUSD,ANIMECUSD
PRI,USD,PRIUSD
PIXEL,SUSD,PIXELSUSD
LCX,USD,LCXUSD
LAUNCHCOIN,USD,LAUNCHCOINUSD
ICX,USD,ICXUSD
CVC,USD,CVCUSD
SKL,USD,SKLUSD
G,FUSD,GFUSD
VVS,USD,VVSUSD
MYTH,USD,MYTHUSD
COTI,USD,COTIUSD
FX,USD,FXUSD
XNO,USD,XNOUSD
ARKM,USD,ARKMUSD
BOME,USD,BOMEUSD
ME,DUSD,MEDUSD
GOHOME,USD,GOHOMEUSD
WMTX,USD,WMTXUSD
LUNA,USD,LUNAUSD
DAG,USD,DAGUSD
LRC,USD,LRCUSD
BEBE,4USD,BEBE4USD
REQ,USD,REQUSD
ONT,USD,ONTUSD
VENOM,2USD,VENOM2USD
WXT,USD,WXTUSD
COOKIE,2USD,COOKIE2USD
HIVE,USD,HIVEUSD
PHA,USD,PHAUSD
ALCH,USD,ALCHUSD
BIGTIME,USD,BIGTIMEUSD
TRB,USD,TRBUSD
USDL,USD,USDLUSD
INF,IUSD,INFIUSD
STPT,USD,STPTUSD
SIREN,USD,SIRENUSD
HONEY,USD,HONEYUSD
VSUI,USD,VSUIUSD
SXP,USD,SXPUSD
MPLX,USD,MPLXUSD
AP3X,USD,AP3XUSD
PURR,2USD,PURR2USD
ULX,USD,ULXUSD
STORJ,USD,STORJUSD
PAAL,USD,PAALUSD
METIS,USD,METISUSD
STIK,USD,STIKUSD
XPR,USD,XPRUSD
MIM,USD,MIMUSD
KMNO,USD,KMNOUSD
OZO,USD,OZOUSD
SWETH,USD,SWETHUSD
NPC,SUSD,NPCSUSD
INIT,USD,INITUSD
XVG,USD,XVGUSD
BAND,USD,BANDUSD
WEMIX,USD,WEMIXUSD
SSV,USD,SSVUSD
BBSOL,USD,BBSOLUSD
KUB,USD,KUBUSD
SOPH,USD,SOPHUSD
RPL,USD,RPLUSD
BOX,DEUSD,BOXDEUSD
CAD,UCUSD,CADUCUSD
CFG,USD,CFGUSD
CAPY,BARUSD,CAPYBARUSD
PROM,USD,PROMUSD
XAI,2USD,XAI2USD
PEOPLE,USD,PEOPLEUSD
PRO,USD,PROUSD
SOLO,USD,SOLOUSD
RED,USD,REDUSD
MANTA,USD,MANTAUSD
SGB,USD,SGBUSD
XVS,USD,XVSUSD
CETUS,USD,CETUSUSD
RSWETH,USD,RSWETHUSD
ORBR,USD,ORBRUSD
VELO,USD,VELOUSD
GEKKO,USD,GEKKOUSD
YGG,USD,YGGUSD
CPOOL,USD,CPOOLUSD
USUAL,USD,USUALUSD
BORA,USD,BORAUSD
BICO,USD,BICOUSD
CARV,USD,CARVUSD
MARS,HUSD,MARSHUSD
SATS,OUSD,SATSOUSD
ALT,BUSD,ALTBUSD
UMA,USD,UMAUSD
AUDIO,USD,AUDIOUSD
CGPT,USD,CGPTUSD
WAXP,USD,WAXPUSD
PEAQ,USD,PEAQUSD
AAI,AVUSD,AAIAVUSD
BMX,USD,BMXUSD
SPELL,USD,SPELLUSD
POWR,USD,POWRUSD
CATI,ZUSD,CATIZUSD
STRAX,USD,STRAXUSD
MIU,2USD,MIU2USD
ABT,USD,ABTUSD
VVV,USD,VVVUSD
LON,USD,LONUSD
SIGN,2USD,SIGN2USD
ARDR,USD,ARDRUSD
IOST,USD,IOSTUSD
NMD,USD,NMDUSD
MVL,USD,MVLUSD
FLUX,BUSD,FLUXBUSD
AAST,USD,AASTUSD
SONIC,USD,SONICUSD
DYM,USD,DYMUSD
MERL,USD,MERLUSD
BANANA,GUSD,BANANAGUSD
DLC,USD,DLCUSD
TCAPY,USD,TCAPYUSD
AEVO,USD,AEVOUSD
NIL,USD,NILUSD
ACX,USD,ACXUSD
USDB,2USD,USDB2USD
MEME,USD,MEMEUSD
PUNDIX,USD,PUNDIXUSD
IQ,USD,IQUSD
XRD,USD,XRDUSD
BLAST,2USD,BLAST2USD
LSK,USD,LSKUSD
WILD,USD,WILDUSD
AGI,USD,AGIUSD
FRXUSD,USD,FRXUSDUSD
POND,USD,PONDUSD
OMNI,CUSD,OMNICUSD
CDT,TUSD,CDTTUSD
ORBS,USD,ORBSUSD
AITECH,USD,AITECHUSD
ERG,USD,ERGUSD
DOGS,2USD,DOGS2USD
ALEO,USD,ALEOUSD
RLC,USD,RLCUSD
USDP,USD,USDPUSD
NEIRO,USD,NEIROUSD
GLMR,USD,GLMRUSD
DKA,USD,DKAUSD
ELON,USD,ELONUSD
MLK,USD,MLKUSD
BNT,USD,BNTUSD
ONG,USD,ONGUSD
TAIKO,USD,TAIKOUSD
GCB,USD,GCBUSD
ILV,USD,ILVUSD
XEM,USD,XEMUSD
USDTB,USD,USDTBUSD
AVAIL,USD,AVAILUSD
APFC,USD,APFCUSD
CHR,USD,CHRUSD
LQTY,USD,LQTYUSD
CULT,USD,CULTUSD
KEEP,USD,KEEPUSD
PCI,USD,PCIUSD
DENT,USD,DENTUSD
SAGA,2USD,SAGA2USD
BITCOIN,USD,BITCOINUSD
PONKE,USD,PONKEUSD
PUNDIAI,USD,PUNDIAIUSD
HEART,USD,HEARTUSD
ARK,USD,ARKUSD
AL,USD,ALUSD
NMR,USD,NMRUSD
AIAT,USD,AIATUSD
STEEM,USD,STEEMUSD
REKT,USD,REKTUSD
B3,USD,B3USD
MED,USD,MEDUSD
FIDA,USD,FIDAUSD
BAL,USD,BALUSD
FMC,USD,FMCUSD
OSAK,USD,OSAKUSD
WPAY,WUSD,WPAYWUSD
BDCA,USD,BDCAUSD
CLASH,UUSD,CLASHUUSD
CHILLGUY,USD,CHILLGUYUSD
BAN,USD,BANUSD
SOLV,USD,SOLVUSD
VANRY,USD,VANRYUSD
USTC,USD,USTCUSD
JOE,USD,JOEUSD
GFI,USD,GFIUSD
LB,USD,LBUSD
HUMA,USD,HUMAUSD
BONE,USD,BONEUSD
CORGIAI,USD,CORGIAIUSD
SKI,DUSD,SKIDUSD
CELR,USD,CELRUSD
CLEAR,EUSD,CLEAREUSD
BB,FUSD,BBFUSD
CNG,USD,CNGUSD
BTRST,USD,BTRSTUSD
DHN,USD,DHNUSD
AUCTION,USD,AUCTIONUSD
MTL,USD,MTLUSD
MOVR,USD,MOVRUSD
COM,BRUSD,COMBRUSD
CORE,USD,COREUSD
DEGEN,USD,DEGENUSD
SLP,USD,SLPUSD
LABUBU,SUSD,LABUBUSUSD
IAG,USD,IAGUSD
BAC,USD,BACUSD
PIN,LUSD,PINLUSD
KNC,USD,KNCUSD
ZENT,USD,ZENTUSD
AGLD,USD,AGLDUSD
API3,USD,API3USD
GRIFFAIN,USD,GRIFFAINUSD
AEUR,USD,AEURUSD
CXT,COUSD,CXTCOUSD
AERGO,USD,AERGOUSD
GAME,BUSD,GAMEBUSD
SOSO,USD,SOSOUSD
SUNDOG,USD,SUNDOGUSD
OAS,USD,OASUSD
HASHAI,USD,HASHAIUSD
DAPP,PUSD,DAPPPUSD
FUEL,USD,FUELUSD
OMI,USD,OMIUSD
SUPRA,USD,SUPRAUSD
DEGO,USD,DEGOUSD
FWOG,2USD,FWOG2USD
SCRT,USD,SCRTUSD
CTSI,USD,CTSIUSD
ANON,HUSD,ANONHUSD
ISLM,USD,ISLMUSD
SDEX,USD,SDEXUSD
0X0,USD,0X0USD
GODS,USD,GODSUSD
DEFI,3USD,DEFI3USD
ZRC,ZUSD,ZRCZUSD
EDU,OUSD,EDUOUSD
OXT,USD,OXTUSD
LAK3,USD,LAK3USD
XYM,USD,XYMUSD
ACS,AUSD,ACSAUSD
ROAM,USD,ROAMUSD
ANDY,2USD,ANDY2USD
CYBER,USD,CYBERUSD
GEAR,BUSD,GEARBUSD
ALI,USD,ALIUSD
WIN,USD,WINUSD
SCR,OUSD,SCROUSD
PARTI,USD,PARTIUSD
HDX,HUSD,HDXHUSD
X,IUSD,XIUSD
CAT,AUSD,CATAUSD
HT,USD,HTUSD
QI,USD,QIUSD
AURORA,USD,AURORAUSD
OLAS,USD,OLASUSD
SN,USD,SNUSD
GUSD,USD,GUSDUSD
AUSDT,USD,AUSDTUSD
RIF,USD,RIFUSD
TNSR,USD,TNSRUSD
AO,USD,AOUSD
STOOS,USD,STOOSUSD
C98,USD,C98USD
KUJI,USD,KUJIUSD
ACT,IUSD,ACTIUSD
QKC,USD,QKCUSD
CONX,CUSD,CONXCUSD
MNDE,USD,MNDEUSD
SOON,2USD,SOON2USD
DICE,KUSD,DICEKUSD
DIA,USD,DIAUSD
TORN,USD,TORNUSD
DMC,DAUSD,DMCDAUSD
COREUM,USD,COREUMUSD
EURCV,USD,EURCVUSD
SHX,USD,SHXUSD
AI,RUSD,AIRUSD
BGSC,USD,BGSCUSD
HP,HUSD,HPHUSD
METFI,USD,METFIUSD
RIZE,2USD,RIZE2USD
TRU,USD,TRUUSD
CBK,USD,CBKUSD
EWT,USD,EWTUSD
COQ,USD,COQUSD
SFUND,USD,SFUNDUSD
VELO,USD,VELOUSD
CTK,USD,CTKUSD
TON,USD,TONUSD
PYR,USD,PYRUSD
HFUN,HUSD,HFUNHUSD
CAR,RUSD,CARRUSD
APX,USD,APXUSD
ZEON,USD,ZEONUSD
RARE,USD,RAREUSD
QUAI,USD,QUAIUSD
TXC,USD,TXCUSD
QANX,USD,QANXUSD
WTAO,USD,WTAOUSD
RIO,USD,RIOUSD
DF,USD,DFUSD
ALPH,USD,ALPHUSD
HSK,USD,HSKUSD
SKYAI,2USD,SKYAI2USD
DOGINME,USD,DOGINMEUSD
PUFF,TUSD,PUFFTUSD
COLLAT,USD,COLLATUSD
CCD,USD,CCDUSD
XUSD,2USD,XUSD2USD
DEVVE,USD,DEVVEUSD
ANYONE,USD,ANYONEUSD
BFC,USD,BFCUSD
AVA,USD,AVAUSD
KEYCAT,USD,KEYCATUSD
UNP,USD,UNPUSD
LUSD,USD,LUSDUSD
MAGIC,USD,MAGICUSD
EURT,USD,EURTUSD
MBL,USD,MBLUSD
DNA,3USD,DNA3USD
LOCUS,USD,LOCUSUSD
WQUIL,USD,WQUILUSD
DOP,DAUSD,DOPDAUSD
ARC,USD,ARCUSD
LISTA,USD,LISTAUSD
BINK,USD,BINKUSD
UDS,USD,UDSUSD
DRIP,MUSD,DRIPMUSD
TRU,USD,TRUUSD
RSC,USD,RSCUSD
ELG,USD,ELGUSD
ALICE,USD,ALICEUSD
FORT,USD,FORTUSD
PEPECOIN,CUSD,PEPECOINCUSD
HIGH,USD,HIGHUSD
PROMPT,USD,PROMPTUSD
MOONPIG,USD,MOONPIGUSD
ORAI,USD,ORAIUSD
DESO,USD,DESOUSD
SERAPH,2USD,SERAPH2USD
MBX,USD,MBXUSD
MUBARAK,USD,MUBARAKUSD
WNXM,USD,WNXMUSD
TST,TUSD,TSTTUSD
NAKA,USD,NAKAUSD
LOFI,2USD,LOFI2USD
PRCL,USD,PRCLUSD
DEP,USD,DEPUSD
RSS3,USD,RSS3USD
MOB,USD,MOBUSD
A8,USD,A8USD
HOUSE,CUSD,HOUSECUSD
META,USD,METAUSD
WCFG,USD,WCFGUSD
OMG,USD,OMGUSD
AVA,USD,AVAUSD
STG,USD,STGUSD
SLERF,USD,SLERFUSD
MNSRY,USD,MNSRYUSD
NCT,USD,NCTUSD
AUKI,USD,AUKIUSD
BCN,USD,BCNUSD
BLUE,FUSD,BLUEFUSD
QRL,USD,QRLUSD
DENTX,USD,DENTXUSD
CUSD,USD,CUSDUSD
STRK,USD,STRKUSD
GME,GUSD,GMEGUSD
EAI,EUSD,EAIEUSD
TBC,TUSD,TBCTUSD
PNG,USD,PNGUSD
SUSD,USD,SUSDUSD
MOBILE,USD,MOBILEUSD
STRD,USD,STRDUSD
KNG,USD,KNGUSD
FORTH,USD,FORTHUSD
FUN,USD,FUNUSD
VINE,USD,VINEUSD
RAD,USD,RADUSD
MYRIA,USD,MYRIAUSD
ELA,USD,ELAUSD
SEND,2USD,SEND2USD
GRND,USD,GRNDUSD
EARN,NUSD,EARNNUSD
GPS,USD,GPSUSD
SYS,USD,SYSUSD
ACE,USD,ACEUSD
CORN,USD,CORNUSD
ARPA,USD,ARPAUSD
AMPL,USD,AMPLUSD
HFT,USD,HFTUSD
M87,USD,M87USD
GNS,USD,GNSUSD
GAME,BUSD,GAMEBUSD
NS,SUSD,NSSUSD
REZ,USD,REZUSD
TT,USD,TTUSD
THAPT,USD,THAPTUSD
SLND,USD,SLNDUSD
EBTC,EUSD,EBTCEUSD
NYM,USD,NYMUSD
DUSK,USD,DUSKUSD
VADER,AUSD,VADERAUSD
ZORA,2USD,ZORA2USD
LUMIA,USD,LUMIAUSD
PUFFER,USD,PUFFERUSD
MCDULL,USD,MCDULLUSD
SERV,OUSD,SERVOUSD
FOG,USD,FOGUSD
FARTBOY,USD,FARTBOYUSD
MAV,USD,MAVUSD
LADYS,USD,LADYSUSD
GOCHU,USD,GOCHUUSD
LBT,USD,LBTUSD
J,USD,JUSD
CLV,USD,CLVUSD
STMX,USD,STMXUSD
NOBODY,USD,NOBODYUSD
BAKE,USD,BAKEUSD
LYX,USD,LYXUSD
AVL,AUSD,AVLAUSD
ACA,USD,ACAUSD
EDG,EWUSD,EDGEWUSD
RACA,USD,RACAUSD
EDX,EUSD,EDXEUSD
HUNT,USD,HUNTUSD
GPU,USD,GPUUSD
NFP,RUSD,NFPRUSD
EURA,USD,EURAUSD
XTER,IUSD,XTERIUSD
XPLA,USD,XPLAUSD
MIGGLES,USD,MIGGLESUSD
SYN,USD,SYNUSD
USDA,USD,USDAUSD
GUN,USD,GUNUSD
EGC,EUSD,EGCEUSD
MC,USD,MCUSD
DODO,USD,DODOUSD
XT,USD,XTUSD
XP,HUSD,XPHUSD
ASM,USD,ASMUSD
NOS,USD,NOSUSD
ARRR,USD,ARRRUSD
GOG,USD,GOGUSD
ZEREBRO,USD,ZEREBROUSD
LMWR,USD,LMWRUSD
ELS,EUSD,ELSEUSD
NAVX,USD,NAVXUSD
XAH,USD,XAHUSD
MIN,IUSD,MINIUSD
PHB,USD,PHBUSD
FCT2,USD,FCT2USD
RDNT,USD,RDNTUSD
WEN,2USD,WEN2USD
UFD,USD,UFDUSD
OFT,USD,OFTUSD
SAUCE,USD,SAUCEUSD
MOC,USD,MOCUSD
DNT,USD,DNTUSD
ETN,USD,ETNUSD
ELX,EUSD,ELXEUSD
GRS,USD,GRSUSD
IXS,USD,IXSUSD
ELYS,SNUSD,ELYSSNUSD
OHO,USD,OHOUSD
AQT,USD,AQTUSD
RZR,RUSD,RZRRUSD
OBT,USD,OBTUSD
TLOS,USD,TLOSUSD
PSTAKE,USD,PSTAKEUSD
BMT,BUSD,BMTBUSD
SD,USD,SDUSD
PURPE,USD,PURPEUSD
TPT,USD,TPTUSD
UQC,USD,UQCUSD
MCADE,USD,MCADEUSD
WOJAK,USD,WOJAKUSD
TLM,USD,TLMUSD
EMC,EDUSD,EMCEDUSD
BANK,USD,BANKUSD
EMT,EAUSD,EMTEAUSD
APEX,USD,APEXUSD
WXT,USD,WXTUSD
DAO,USD,DAOUSD
HOOK,USD,HOOKUSD
EPIC,CUSD,EPICCUSD
MAPO,USD,MAPOUSD
BERT,RUSD,BERTRUSD
NATIX,USD,NATIXUSD
SPA,USD,SPAUSD
CLANKER,USD,CLANKERUSD
GNUS,USD,GNUSUSD
ZON,USD,ZONUSD
LAT,USD,LATUSD
JELLYJELLY,USD,JELLYJELLYUSD
BOBO,2USD,BOBO2USD
MBOX,USD,MBOXUSD
GST,GUSD,GSTGUSD
DBR,DUSD,DBRDUSD
OL,USD,OLUSD
ATA,USD,ATAUSD
ZCX,USD,ZCXUSD
BBA,USD,BBAUSD
STRX,USD,STRXUSD
ALCX,USD,ALCXUSD
EMT,EMUSD,EMTEMUSD
AHT,USD,AHTUSD
YUSD,AUSD,YUSDAUSD
KENDU,USD,KENDUUSD
BROCCOLI,USD,BROCCOLIUSD
CAM,USD,CAMUSD
THE,USD,THEUSD
SANTOS,USD,SANTOSUSD
MLN,USD,MLNUSD
SWEAT,USD,SWEATUSD
ADS,USD,ADSUSD
HAEDAL,USD,HAEDALUSD
TKO,USD,TKOUSD
RBNT,USD,RBNTUSD
AGRS,USD,AGRSUSD
HEGIC,USD,HEGICUSD
OGY,USD,OGYUSD
BOUNTY,USD,BOUNTYUSD
DEXT,USD,DEXTUSD
NRN,USD,NRNUSD
UOS,USD,UOSUSD
HIPPO,SUSD,HIPPOSUSD
ALU,USD,ALUUSD
LOKA,USD,LOKAUSD
DADDY,TUSD,DADDYTUSD
VOW,USD,VOWUSD
SRX,USD,SRXUSD
LUNA,USD,LUNAUSD
KERNEL,USD,KERNELUSD
ALEX,USD,ALEXUSD
GTC,USD,GTCUSD
ETHDYDX,USD,DYDXUSD
HEI,USD,HEIUSD
B2,USD,B2USD
GEL,USD,GELUSD
PEPE,USD,PEPEUSD
WFI,USD,WFIUSD
MNGO,USD,MNGOUSD
BOXCAT,USD,BOXCATUSD
CLOUD,SUSD,CLOUDSUSD
SHARP,USD,SHARPUSD
BOOP,AUSD,BOOPAUSD
ALPHA,USD,ALPHAUSD
NKN,USD,NKNUSD
VIC,SUSD,VICSUSD
W3S,USD,W3SUSD
WAN,USD,WANUSD
MMUI,USD,MMUIUSD
D,FUSD,DFUSD
BEL,USD,BELUSD
NST,USD,NSTUSD
SWARMS,USD,SWARMSUSD
ADN,USD,ADNUSD
FARM,USD,FARMUSD
PALM,USD,PALMUSD
FOX,USD,FOXUSD
HYPER,USD,HYPERUSD
IDEX,USD,IDEXUSD
DOOD,USD,DOODUSD
BADGER,USD,BADGERUSD
CULT,USD,CULTUSD
EURI,USD,EURIUSD
ATLAS,USD,ATLASUSD
ATR,USD,ATRUSD
POLS,USD,POLSUSD
AIDOGE,USD,AIDOGEUSD
BRISE,USD,BRISEUSD
FLOCK,USD,FLOCKUSD
EVER,USD,EVERUSD
STO,GUSD,STOGUSD
EUSD,EUSD,EUSDEUSD
GHX,USD,GHXUSD
GHST,USD,GHSTUSD
PEPE,USD,PEPEUSD
EL,USD,ELUSD
PORT3,USD,PORT3USD
SAFE,USD,SAFEUSD
FHE,USD,FHEUSD
CROWN,USD,CROWNUSD
TITCOIN,USD,TITCOINUSD
MLC,USD,MLCUSD
COCORO,2USD,COCORO2USD
DIMO,USD,DIMOUSD
MICHI,2USD,MICHI2USD
EVR,EVUSD,EVREVUSD
TDROP,USD,TDROPUSD
PSG,USD,PSGUSD
BKN,BUSD,BKNBUSD
OORT,2USD,OORT2USD
EPT,USD,EPTUSD
VRTX,USD,VRTXUSD
DRGN,USD,DRGNUSD
MYRO,USD,MYROUSD
SWELL,USD,SWELLUSD
LVN,USD,LVNUSD
PROPC,USD,PROPCUSD
FAI,FRUSD,FAIFRUSD
UTK,USD,UTKUSD
OG,USD,OGUSD
IGT,IUSD,IGTIUSD
RATS,2USD,RATS2USD
TUT,OUSD,TUTOUSD
BENJI,BUSD,BENJIBUSD
AQUA,RUSD,AQUARUSD
ADS,USD,ADSUSD
FB,USD,FBUSD
BOSON,USD,BOSONUSD
GFAL,USD,GFALUSD
HPO,USD,HPOUSD
PIPPIN,USD,PIPPINUSD
DIAM,USD,DIAMUSD
RARI,USD,RARIUSD
NUM,USD,NUMUSD
DOVU,OUSD,DOVUOUSD
BGEO,USD,BGEOUSD
LEVER,USD,LEVERUSD
DOG,GUSD,DOGGUSD
BOOE,USD,BOOEUSD
CTXC,USD,CTXCUSD
GEMS,2USD,GEMS2USD
BSTC,USD,BSTCUSD
EDGE,DUSD,EDGEDUSD
USC,USD,USCUSD
FAND,,
FLM,USD,FLMUSD
RETARDIO,USD,RETARDIOUSD
GROK,USD,GROKUSD
CTA,CUSD,CTACUSD
LYK,USD,LYKUSD
F,USD,FUSD
FAST,,
CAW,USD,CAWUSD
MDT,USD,MDTUSD
BLZ,USD,BLZUSD
IMO,USD,IMOUSD
FBX,,
MCOIN,USD,MCOINUSD
VINU,USD,VINUUSD
METAL,USD,METALUSD
TICO,USD,TICOUSD
LAVA,USD,LAVAUSD
TARA,USD,TARAUSD
BIFI,USD,BIFIUSD
KARRAT,USD,KARRATUSD
SHDW,GUSD,SHDWGUSD
L3,LUSD,L3LUSD
VR,USD,VRUSD
BTY,USD,BTYUSD
LANLAN,USD,LANLANUSD
TOKEN,FUSD,TOKENFUSD
DMAIL,USD,DMAILUSD
INV,USD,INVUSD
MAVIA,USD,MAVIAUSD
FIS,USD,FISUSD
TGT,USD,TGTUSD
ROG,USD,ROGUSD
KLV,USD,KLVUSD
LWA,USD,LWAUSD
FLASH,,
SLF,USD,SLFUSD
KMD,USD,KMDUSD
MNTX,USD,MNTXUSD
PYTHIA,USD,PYTHIAUSD
FLUID,,
POLIS,USD,POLISUSD
STEP,USD,STEPUSD
TROLL,2USD,TROLL2USD
VICS,USD,VICSUSD
PEIPEI,2USD,PEIPEI2USD
TEDDYV2,USD,TEDDYV2USD
PUMP,2USD,PUMP2USD
PLT,2USD,PLT2USD
BSW,USD,BSWUSD
BDC,BUSD,BDCBUSD
MASA,USD,MASAUSD
COS,USD,COSUSD
BOBA,USD,BOBAUSD
FOMO,,
ALEPH,USD,ALEPHUSD
REI,USD,REIUSD
GBTC,,
OBT,USD,OBTUSD
DATA,USD,DATAUSD
VICE,USD,VICEUSD
GEOD,,
CORAL,USD,CORALUSD
GGMT,,
QUICK,USD,QUICKUSD
B3TR,USD,B3TRUSD
HOPR,USD,HOPRUSD
DUCK,USD,DUCKUSD
PERP,USD,PERPUSD
GIGA,,
INDY,USD,INDYUSD
ASTRA,USD,ASTRAUSD
SIX,USD,SIXUSD
SWCH,USD,SWCHUSD
NPT,USD,NPTUSD
PXT,USD,PXTUSD
LTO,USD,LTOUSD
LMT,LUSD,LMTLUSD
LOCK,USD,LOCKUSD
DOGE,USD,DOGEUSD
CGO,USD,CGOUSD
ASD,USD,ASDUSD
MNT,USD,MNTUSD
DORA,FUSD,DORAFUSD
ICECREAM,USD,ICECREAMUSD
BAR,USD,BARUSD
FUL,USD,FULUSD
CPC,OUSD,CPCOUSD
DRV,DUSD,DRVDUSD
WHY,2USD,WHY2USD
ASR,USD,ASRUSD
JAGER,USD,JAGERUSD
TON,USD,TONUSD
GYEN,USD,GYENUSD
GINI,,
SMOLE,USD,SMOLEUSD
WOD,WUSD,WODWUSD
ADX,USD,ADXUSD
GNC,,
AXGT,USD,AXGTUSD
SPEC,USD,SPECUSD
PSP,USD,PSPUSD
MEMEFI,2USD,MEMEFI2USD
QUACK,USD,QUACKUSD
GAFI,USD,GAFIUSD
WUF,USD,WUFUSD
VOXEL,USD,VOXELUSD
BOTIFY,USD,BOTIFYUSD
SOIL,USD,SOILUSD
LIT,USD,LITUSD
OCTA,USD,OCTAUSD
COPI,USD,COPIUSD
HAI,USD,HAIUSD
LEASH,USD,LEASHUSD
KRL,USD,KRLUSD
AMO,USD,AMOUSD
SCA,RUSD,SCARUSD
GOAT,,
VRA,USD,VRAUSD
IXT,OUSD,IXTOUSD
PEPU,USD,PEPUUSD
SHPING,USD,SHPINGUSD
DIONE,USD,DIONEUSD
LOOKS,USD,LOOKSUSD
MATH,USD,MATHUSD
WUSD,2USD,WUSD2USD
CRTS,USD,CRTSUSD
DOLO,USD,DOLOUSD
EQB,USD,EQBUSD
SIGMA,2USD,SIGMA2USD
A47,USD,A47USD
SUKU,USD,SUKUUSD
BRETT,2USD,BRETT2USD
GME,GUSD,GMEGUSD
RBN,USD,RBNUSD
BLOCK,GUSD,BLOCKGUSD
CTX,USD,CTXUSD
RWA,USD,RWAUSD
DUPE,2USD,DUPE2USD
MINIMA,USD,MINIMAUSD
QTCON,USD,QTCONUSD
SPS,USD,SPSUSD
XPRT,USD,XPRTUSD
NXRA,USD,NXRAUSD
HAPPY,,
TGC,USD,TGCUSD
SVL,USD,SVLUSD
LIME,USD,LIMEUSD
CROB,USD,CROBUSD
DEXTF,USD,DEXTFUSD
MOODENG,USD,MOODENGUSD
MON,IUSD,MONIUSD
HAROLD,,
MXC,USD,MXCUSD
PIVX,USD,PIVXUSD
ALPINE,USD,ALPINEUSD
MANEKI,USD,MANEKIUSD
HEHE,,
AKTIO,USD,AKTIOUSD
SKX,USD,SKXUSD
JYAI,USD,JYAIUSD
HIFI,USD,HIFIUSD
FIO,USD,FIOUSD
NIGELLA,USD,NIGELLAUSD
ODOS,USD,ODOSUSD
SDL,SUSD,SDLSUSD
SNAI,USD,SNAIUSD
NIBI,USD,NIBIUSD
SYNT,USD,SYNTUSD
FOXSY,USD,FOXSYUSD
AIOT,USD,AIOTUSD
EURR,USD,EURRUSD
REN,USD,RENUSD
OPUL,USD,OPULUSD
BMEX,USD,BMEXUSD
MOTHER,USD,MOTHERUSD
ELDE,USD,ELDEUSD
NIM,USD,NIMUSD
BOTTO,USD,BOTTOUSD
CHESS,USD,CHESSUSD
SILO,USD,SILOUSD
VOLT,USD,VOLTUSD
HOSKY,USD,HOSKYUSD
TOKE,USD,TOKEUSD
VAI,USD,VAIUSD
FIRO,USD,FIROUSD
PAID,USD,PAIDUSD
SIDUS,USD,SIDUSUSD
KYVE,USD,KYVEUSD
AUR,IUSD,AURIUSD
WXM,USD,WXMUSD
WNCG,USD,WNCGUSD
GAT,HUSD,GATHUSD
HIP,,
AEROBUD,USD,AEROBUDUSD
BEL,USD,BELUSD
OBOL,USD,OBOLUSD
G7,USD,G7USD
STRDY,USD,STRDYUSD
BASEDAI,USD,BASEDAIUSD
VON,USD,VONUSD
PLMC,USD,PLMCUSD
SHADOW,USD,SHADOWUSD
HOSICO,USD,HOSICOUSD
STAMP,USD,STAMPUSD
LAZIO,USD,LAZIOUSD
GMRT,USD,GMRTUSD
MAMO,USD,MAMOUSD
HOL,,
LNQ,USD,LNQUSD
BCUT,USD,BCUTUSD
KASTA,USD,KASTAUSD
OBSR,USD,OBSRUSD
USDJ,USD,USDJUSD
MVC,USD,MVCUSD
DOGEAI,2USD,DOGEAI2USD
CWEB,USD,CWEBUSD
PORTO,USD,PORTOUSD
GRIFT,USD,GRIFTUSD
CLORE,USD,CLOREUSD
WALLET,USD,WALLETUSD
WKC,USD,WKCUSD
NEURO,SUSD,NEUROSUSD
MOCHI,2USD,MOCHI2USD
CSWAP,CUSD,CSWAPCUSD
MIX,USD,MIXUSD
HOPPY,2USD,HOPPY2USD
SOV,USD,SOVUSD
MSM,USD,MSMUSD
BROCCOLI,USD,BROCCOLIUSD
JUV,USD,JUVUSD
DIS,USD,DISUSD
KRRX,USD,KRRXUSD
CEEK,USD,CEEKUSD
ZGD,USD,ZGDUSD
VLX,USD,VLXUSD
ICE,,
PUSS,USD,PUSSUSD
AIXCB,USD,AIXCBUSD
KIBSHI,USD,KIBSHIUSD
CHEQ,USD,CHEQUSD
BZZ,USD,BZZUSD
OVER,USD,OVERUSD
GAL,USD,GALUSD
TTC,TUSD,TTCTUSD
KARATE,USD,KARATEUSD
PLU,USD,PLUUSD
DMTR,USD,DMTRUSD
SEND,2USD,SEND2USD
UNCX,USD,UNCXUSD
NACHO,USD,NACHOUSD
IOT,USD,IOTUSD
GMMT,USD,GMMTUSD
SAMO,USD,SAMOUSD
PIB,USD,PIBUSD
DEGOD,USD,DEGODUSD
KISHU,USD,KISHUUSD
VSG,USD,VSGUSD
ICBX,USD,ICBXUSD
AVT,USD,AVTUSD
FT,USD,FTUSD
WAGMI,2USD,WAGMI2USD
SNSY,USD,SNSYUSD
GORK,USD,GORKUSD
CITY,USD,CITYUSD
ALPACA,USD,ALPACAUSD
PIT,USD,PITUSD
DVI,USD,DVIUSD
ZTX,USD,ZTXUSD
BR,GUSD,BRGUSD
CVN,CUSD,CVNCUSD
XEN,USD,XENUSD
DMD,USD,DMDUSD
USA,AUSD,USAAUSD
CRETA,USD,CRETAUSD
BLUB,USD,BLUBUSD
FLAY,USD,FLAYUSD
SHI,USD,SHIUSD
XX,USD,XXUSD
BID,CUSD,BIDCUSD
SQGROW,USD,SQGROWUSD
DINO,LUSD,DINOLUSD
AGON,AUSD,AGONAUSD
ITGR,,
GRAM,USD,GRAMUSD
KOMA,USD,KOMAUSD
COOK,USD,COOKUSD
HTR,USD,HTRUSD
MCB,USD,MCBUSD
CELL,USD,CELLUSD
GLQ,USD,GLQUSD
INTER,USD,INTERUSD
LCG,LUSD,LCGLUSD
CERE,USD,CEREUSD
JERRY,,
BIOT,USD,BIOTUSD
MAX,USD,MAXUSD
VNO,USD,VNOUSD
JOC,,
MPH,USD,MPHUSD
HDN,USD,HDNUSD
PANDORA,USD,PANDORAUSD
SWAP,USD,SWAPUSD
THALES,USD,THALESUSD
RFC,USD,RFCUSD
KATA,USD,KATAUSD
TRUF,USD,TRUFUSD
HYPC,USD,HYPCUSD
TIME,USD,TIMEUSD
RAMA,USD,RAMAUSD
SL,USD,SLUSD
LM,USD,LMUSD
PBX,USD,PBXUSD
INDEX,USD,INDEXUSD
WAGMIGAMES,USD,WAGMIGAMESUSD
HMT,USD,HMTUSD
REP,USD,REPUSD
ROOT,USD,ROOTUSD
PAI,DUSD,PAIDUSD
XAGX,USD,XAGXUSD
KBC,,
TRAC,USD,TRACUSD
LCAT,USD,LCATUSD
OIK,USD,OIKUSD
ETHS,CUSD,ETHSCUSD
AZERO,USD,AZEROUSD
BOB,2USD,BOB2USD
OCT,USD,OCTUSD
GTAI,USD,GTAIUSD
FTRB,USD,FTRBUSD
WNZ,USD,WNZUSD
SWGT,USD,SWGTUSD
TAVA,USD,TAVAUSD
DEAI,USD,DEAIUSD
PATRIOT,USD,PATRIOTUSD
BLD,USD,BLDUSD
COCA,2USD,COCA2USD
ASS,USD,ASSUSD
MFER,USD,MFERUSD
POLA,USD,POLAUSD
SOFI,USD,SOFIUSD
ZKL,USD,ZKLUSD
10SET,USD,10SETUSD
USDQ,USD,USDQUSD
MODE,USD,MODEUSD
TET,USD,TETUSD
SHM,SUSD,SHMSUSD
KCT,,
FEG,FUSD,FEGFUSD
TONIC,USD,TONICUSD
PAW,USD,PAWUSD
PHNIX,USD,PHNIXUSD
OILX,USD,OILXUSD
KOBAN,USD,KOBANUSD
TRRUE,USD,TRRUEUSD
BBB,IUSD,BBBIUSD
SHOGGOTH,USD,SHOGGOTHUSD
IRON,USD,IRONUSD
HOLD,SUSD,HOLDSUSD
TRUMP,DUSD,TRUMPDUSD
STNK,USD,STNKUSD
BLOK,USD,BLOKUSD
BBQ,CUSD,BBQCUSD
ADP,USD,ADPUSD
XPM,AUSD,XPMAUSD
SSE,USD,SSEUSD
KEKIUS,,
PPC,USD,PPCUSD
ATM,USD,ATMUSD
SABAI,USD,SABAIUSD
BTSE,USD,BTSEUSD
NTX,USD,NTXUSD
UFO,USD,UFOUSD
MONKY,USD,MONKYUSD
SFI,USD,SFIUSD
REDX,USD,REDXUSD
MYX,USD,MYXUSD
SQUAD,USD,SQUADUSD
SEDA,USD,SEDAUSD
GRAIL,USD,GRAILUSD
RETARD,USD,RETARDUSD
CAPTAINBNB,USD,CAPTAINBNBUSD
SNS,USD,SNSUSD
BONGO,USD,BONGOUSD
KERMIT,,
HEGE,USD,HEGEUSD
BUZZ,HUSD,BUZZHUSD
POOL,USD,POOLUSD
SMOG,USD,SMOGUSD
SHIRO,USD,SHIROUSD
RAI,USD,RAIUSD
DVPN,USD,DVPNUSD
REDO,USD,REDOUSD
CA,USD,CAUSD
RBTC,RUSD,RBTCRUSD
TJRM,USD,TJRMUSD
MOZ,LUSD,MOZLUSD
KOKO,,
FLIP,USD,FLIPUSD
QORPO,USD,QORPOUSD
NULS,USD,NULSUSD
ACM,USD,ACMUSD
CHIRP,2USD,CHIRP2USD
TGT,USD,TGTUSD
KONET,USD,KONETUSD
U2U,USD,U2UUSD
BXN,USD,BXNUSD
HYPERSKIDS,USD,HYPERSKIDSUSD
LRDS,BUSD,LRDSBUSD
PACK,USD,PACKUSD
AST,USD,ASTUSD
AUTOS,CUSD,AUTOSCUSD
SCF,SUSD,SCFSUSD
ECET,USD,ECETUSD
GM,USD,GMUSD
HDRO,USD,HDROUSD
KRO,,
EGG,USD,EGGUSD
OSOL,USD,OSOLUSD
GAL,USD,GALUSD
SEAM,USD,SEAMUSD
BEETS,USD,BEETSUSD
ARG,USD,ARGUSD
LIBRA,,
BOOK,USD,BOOKUSD
SOUL,USD,SOULUSD
CLY,USD,CLYUSD
LIQ,,
NEXA,USD,NEXAUSD
FOXY,LUSD,FOXYLUSD
DARK,USD,DARKUSD
DCK,USD,DCKUSD
WRLD,USD,WRLDUSD
BAD,USD,BADUSD
LUCE,USD,LUCEUSD
BNC,USD,BNCUSD
GIZA,USD,GIZAUSD
MIXIE,USD,MIXIEUSD
REACT,USD,REACTUSD
PRQ,USD,PRQUSD
ZND,USD,ZNDUSD
XSWAP,USD,XSWAPUSD
LINGO,USD,LINGOUSD
HI,USD,HIUSD
HGPT,USD,HGPTUSD
CIRX,USD,CIRXUSD
LOVE,,
LTT,,
KAN,USD,KANUSD
AMI,AUSD,AMIAUSD
IHC,USD,IHCUSD
BUDDY,CUSD,BUDDYCUSD
BULL,IUSD,BULLIUSD
ALVA,USD,ALVAUSD
00,USD,00USD
JOLT,USD,JOLTUSD
ARC,USD,ARCUSD
GPCX,USD,GPCXUSD
JUNO,USD,JUNOUSD
ALON,USD,ALONUSD
BCD,USD,BCDUSD
LQR,USD,LQRUSD
LUIGI,,
TEMCO,USD,TEMCOUSD
USDR,SUSD,USDRSUSD
FITFI,USD,FITFIUSD
PAIN,TUSD,PAINTUSD
OVR,USD,OVRUSD
PEPE20,USD,PEPE20USD
SKEY,USD,SKEYUSD
THL,USD,THLUSD
HELLO,USD,HELLOUSD
NC,USD,NCUSD
KILO,USD,KILOUSD
GMEX,USD,GMEXUSD
CDCETH,USD,CDCETHUSD
DOLAN,DUSD,DOLANDUSD
FDM,FUSD,FDMFUSD
K,USD,KUSD
WECAN,USD,WECANUSD
NAP,USD,NAPUSD
YLAY,USD,YLAYUSD
BERRY,2USD,BERRY2USD
SMT,USD,SMTUSD
OFN,USD,OFNUSD
OGPU,USD,OGPUUSD
LUM,,
PRAI,USD,PRAIUSD
ROCK,USD,ROCKUSD
PWEASE,USD,PWEASEUSD
ZEX,USD,ZEXUSD
ROCK,USD,ROCKUSD
AIA,TUSD,AIATUSD
HERO,USD,HEROUSD
REEF,USD,REEFUSD
SAITO,USD,SAITOUSD
NAVI,AUSD,NAVIAUSD
CATE,USD,CATEUSD
MAG,,
ACOLYT,USD,ACOLYTUSD
ROA,USD,ROAUSD
AGRI,DUSD,AGRIDUSD
GMRX,USD,GMRXUSD
CROID,USD,CROIDUSD
SFM,USD,SFMUSD
RLY,USD,RLYUSD
RTF,USD,RTFUSD
ABX,AUSD,ABXAUSD
MAI,,
ZYPTOTOKEN,USD,ZYPTOTOKENUSD
SEXY,USD,SEXYUSD
TRIAS,USD,TRIASUSD
BST,BUSD,BSTBUSD
XDB,USD,XDBUSD
DFI,USD,DFIUSD
GENE,USD,GENEUSD
BEAM,USD,BEAMUSD
BTCMT,USD,BTCMTUSD
ABBC,USD,ABBCUSD
AAX,USD,AAXUSD
XRPH,USD,XRPHUSD
POLYDOGE,USD,POLYDOGEUSD
LVLY,USD,LVLYUSD
STOS,USD,STOSUSD
MUSE,USD,MUSEUSD
EVZ,USD,EVZUSD
PTH,USD,PTHUSD
FANC,USD,FANCUSD
ICPX,USD,ICPXUSD
YFII,USD,YFIIUSD
ELON4AFD,USD,ELON4AFDUSD
ABEL,IUSD,ABELIUSD
KANGO,USD,KANGOUSD
NPCS,USD,NPCSUSD
KAI,USD,KAIUSD
ZEPH,USD,ZEPHUSD
KIN,USD,KINUSD
MAJOR,,
ARIO,USD,ARIOUSD
MANC,,
MAO,,
MERY,USD,MERYUSD
EARNM,USD,EARNMUSD
TMAI,USD,TMAIUSD
BFIC,USD,BFICUSD
STARL,USD,STARLUSD
APTM,USD,APTMUSD
LIKE,USD,LIKEUSD
AVINOC,USD,AVINOCUSD
HNS,USD,HNSUSD
TROLL,2USD,TROLL2USD
XEL,IUSD,XELIUSD
MEV,USD,MEVUSD
JEWEL,USD,JEWELUSD
ASTO,USD,ASTOUSD
MYST,USD,MYSTUSD
CATS,IUSD,CATSIUSD
JSET,USD,JSETUSD
H1,USD,H1USD
RIZ,USD,RIZUSD
MCC,,
FRED,FUSD,FREDFUSD
RVF,USD,RVFUSD
FNCT,USD,FNCTUSD
OPN,USD,OPNUSD
XEP,USD,XEPUSD
WELF,USD,WELFUSD
PDA,USD,PDAUSD
FON,SUSD,FONSUSD
GXA,USD,GXAUSD
WEGLD,USD,WEGLDUSD
MAN,USD,MANUSD
GASS,USD,GASSUSD
MNTC,USD,MNTCUSD
RGOAT,USD,RGOATUSD
CAT,AUSD,CATAUSD
MCG,,
WIKEN,USD,WIKENUSD
SPURS,USD,SPURSUSD
CANTO,USD,CANTOUSD
BTR,BUSD,BTRBUSD
APM,USD,APMUSD
MUBI,USD,MUBIUSD
WIFI,USD,WIFIUSD
TALK,USD,TALKUSD
STAT,USD,STATUSD
RIZO,USD,RIZOUSD
FLUXB,USD,FLUXBUSD
DINGO,USD,DINGOUSD
AZIT,USD,AZITUSD
AIT,AUSD,AITAUSD
CREDI,USD,CREDIUSD
MINI,USD,MINIUSD
DPR,USD,DPRUSD
SLIM,USD,SLIMUSD
DINERO,2USD,DINERO2USD
CIX,USD,CIXUSD
BOA,USD,BOAUSD
MERGE,,
MUSIC,BUSD,MUSICBUSD
ALD,USD,ALDUSD
SHR,USD,SHRUSD
ANT,USD,ANTUSD
MEX,,
IMPT,USD,IMPTUSD
DUEL,GUSD,DUELGUSD
JAILSTOOL,USD,JAILSTOOLUSD
LOBO,USD,LOBOUSD
UNA,USD,UNAUSD
SAN,DUSD,SANDUSD
ROUTE,USD,ROUTEUSD
BLY,USD,BLYUSD
ANDY,2USD,ANDY2USD
NWC,USD,NWCUSD
CRAI,CUSD,CRAICUSD
DNX,2USD,DNX2USD
WINR,USD,WINRUSD
DIP,SUSD,DIPSUSD
VXT,USD,VXTUSD
CSC,USD,CSCUSD
DYNA,CUSD,DYNACUSD
WELSH,USD,WELSHUSD
MF,,
XRT,USD,XRTUSD
BUTTCOIN,USD,BUTTCOINUSD
ESE,USD,ESEUSD
KAR,USD,KARUSD
TOMI,USD,TOMIUSD
GSWIFT,USD,GSWIFTUSD
MAD,2USD,MAD2USD
ZERC,USD,ZERCUSD
MGT,,
MILK,,
OWN,USD,OWNUSD
OPCAT,2USD,OPCAT2USD
WAMPL,USD,WAMPLUSD
BOB,2USD,BOB2USD
ITA,USD,ITAUSD
SIS,USD,SISUSD
AKUMA,USD,AKUMAUSD
AKITA,USD,AKITAUSD
CHAT,OUSD,CHATOUSD
SIXP,USD,SIXPUSD
NLK,USD,NLKUSD
KWENTA,USD,KWENTAUSD
FLDT,USD,FLDTUSD
TRVL,USD,TRVLUSD
EURQ,USD,EURQUSD
CREO,USD,CREOUSD
BASE,USD,BASEUSD
AE,USD,AEUSD
CEUR,USD,CEURUSD
GMEE,USD,GMEEUSD
HYDRA,USD,HYDRAUSD
UNIBOT,USD,UNIBOTUSD
DCB,USD,DCBUSD
CUBE,USD,CUBEUSD
RBX,USD,RBXUSD
FITCOIN,USD,FITCOINUSD
YNE,USD,YNEUSD
SWASH,USD,SWASHUSD
NETVR,USD,NETVRUSD
MIND,,
RATO,USD,RATOUSD
SOLAMA,USD,SOLAMAUSD
SDN,USD,SDNUSD
VVAIFU,USD,VVAIFUUSD
LKY,USD,LKYUSD
DOGI,2USD,DOGI2USD
LAND,OUSD,LANDOUSD
DBC,USD,DBCUSD
VSC,USD,VSCUSD
FLT,USD,FLTUSD
MAGA,2USD,MAGA2USD
RAIN,USD,RAINUSD
ATS,USD,ATSUSD
KASPY,USD,KASPYUSD
DMT,RUSD,DMTRUSD
PLI,USD,PLIUSD
L1,USD,L1USD
TERMINUS,2USD,TERMINUS2USD
MIRAI,,
XDAG,USD,XDAGUSD
PAWS,2USD,PAWS2USD
HINT,HUSD,HINTHUSD
SLC,USD,SLCUSD
RJV,USD,RJVUSD
AIMONICA,USD,AIMONICAUSD
FLIX,USD,FLIXUSD
MOVE,BUSD,MOVEBUSD
CTG,USD,CTGUSD
PFVS,USD,PFVSUSD
TURBOS,USD,TURBOSUSD
IZI,USD,IZIUSD
LBLOCK,LUSD,LBLOCKLUSD
ASV,USD,ASVUSD
SHRUB,USD,SHRUBUSD
COCORO,2USD,COCORO2USD
HB,DUSD,HBDUSD
BTCS,USD,BTCSUSD
KFI,USD,KFIUSD
PUNDU,USD,PUNDUUSD
BIT,DUSD,BITDUSD
JFOX,USD,JFOXUSD
WOM,USD,WOMUSD
SSE,USD,SSEUSD
NAP,USD,NAPUSD
CELL,USD,CELLUSD
BILLY,2USD,BILLY2USD
NBLU,USD,NBLUUSD
LC,IUSD,LCIUSD
BXX,USD,BXXUSD
CEL,USD,CELUSD
HILO,USD,HILOUSD
PUSH,USD,PUSHUSD
SRM,USD,SRMUSD
LOOM,USD,LOOMUSD
OMNOM,USD,OMNOMUSD
KIMA,USD,KIMAUSD
NUB,USD,NUBUSD
TBULL,USD,TBULLUSD
RWA,USD,RWAUSD
KEX,USD,KEXUSD
STREAM,FUSD,STREAMFUSD
READY,USD,READYUSD
BTS,USD,BTSUSD
FEI,USD,FEIUSD
PHIL,USD,PHILUSD
WLTH,USD,WLTHUSD
POOH,USD,POOHUSD
CTP,USD,CTPUSD
SEN,CUSD,SENCUSD
VAL,USD,VALUSD
CLAY,TUSD,CLAYTUSD
CPH,USD,CPHUSD
FUD,USD,FUDUSD
GRACY,USD,GRACYUSD
FREYA,USD,FREYAUSD
HARAMBE,USD,HARAMBEUSD
WEPE,USD,WEPEUSD
MOEW,USD,MOEWUSD
AINTI,USD,AINTIUSD
TRA,USD,TRAUSD
LEARN,USD,LEARNUSD
DC,USD,DCUSD
MRSOON,USD,MRSOONUSD
DOME,USD,DOMEUSD
OX,TUSD,OXTUSD
DJED,USD,DJEDUSD
MLP,,
SQT,USD,SQTUSD
LOOP,USD,LOOPUSD
HARAMBEAI,USD,HARAMBEAIUSD
AFC,USD,AFCUSD
NRG,USD,NRGUSD
GMCOIN,USD,GMCOINUSD
AGC,USD,AGCUSD
HMND,USD,HMNDUSD
NYA,USD,NYAUSD
KP3R,USD,KP3RUSD
NHT,USD,NHTUSD
LBL,USD,LBLUSD
POR,USD,PORUSD
GORILLA,2USD,GORILLA2USD
MMA,,
TSUKA,USD,TSUKAUSD
RFD,USD,RFDUSD
SPARKLET,USD,SPARKLETUSD
MTRG,USD,MTRGUSD
RAI,USD,RAIUSD
KHAI,USD,KHAIUSD
RADAR,USD,RADARUSD
PAC,AUSD,PACAUSD
ISLAND,USD,ISLANDUSD
ARTY,USD,ARTYUSD
ZED,USD,ZEDUSD
MSTR,USD,MSTRUSD
GIKO,USD,GIKOUSD
SQ3,USD,SQ3USD
GUI,USD,GUIUSD
PIG,USD,PIGUSD
REF,USD,REFUSD
ZERO,AUSD,ZEROAUSD
ZKP,USD,ZKPUSD
IMGN,USD,IMGNUSD
BRN,USD,BRNUSD
MCRT,USD,MCRTUSD
KEY,USD,KEYUSD
TADA,USD,TADAUSD
HTM,USD,HTMUSD
FUTURE,USD,FUTUREUSD
UNCOMMONGOODS,USD,UNCOMMONGOODSUSD
KAKA,USD,KAKAUSD
BDP,BUSD,BDPBUSD
GMM,USD,GMMUSD
NCDT,USD,NCDTUSD
ARI,2USD,ARI2USD
SLAP,USD,SLAPUSD
XAVA,USD,XAVAUSD
SPACEM,USD,SPACEMUSD
LIF3,USD,LIF3USD
LVVA,USD,LVVAUSD
FACT,USD,FACTUSD
M3M3,USD,M3M3USD
ISP,USD,ISPUSD
DEGENAI,USD,DEGENAIUSD
RFRM,USD,RFRMUSD
MAV,USD,MAVUSD
FNCY,USD,FNCYUSD
BICITY,USD,BICITYUSD
EVDC,USD,EVDCUSD
SMURFCAT,USD,SMURFCATUSD
MASSA,USD,MASSAUSD
TOM,IUSD,TOMIUSD
HAPI,USD,HAPIUSD
VEUR,USD,VEURUSD
BTM,USD,BTMUSD
BAX,USD,BAXUSD
CTRL,WUSD,CTRLWUSD
TAOCAT,USD,TAOCATUSD
FORWARD,USD,FORWARDUSD
MUSIC,BUSD,MUSICBUSD
MAX,USD,MAXUSD
TATSU,2USD,TATSU2USD
LOGX,USD,LOGXUSD
ANITA,USD,ANITAUSD
XETA,USD,XETAUSD
BIZA,USD,BIZAUSD
MOCA,,
TPRO,USD,TPROUSD
ORT,USD,ORTUSD
MSTAR,USD,MSTARUSD
UNFI,USD,UNFIUSD
PSPS,USD,PSPSUSD
MOJO,,
KINIC,USD,KINICUSD
SNC,USD,SNCUSD
CAGA,USD,CAGAUSD
WAFFLES,USD,WAFFLESUSD
HABIBI,2USD,HABIBI2USD
GIB,2USD,GIB2USD
XRT,USD,XRTUSD
CHO,USD,CHOUSD
DTEC,USD,DTECUSD
MPC,,
SFI,USD,SFIUSD
BOBER,USD,BOBERUSD
SC,USD,SCUSD
FAR,AUSD,FARAUSD
TRT,TUSD,TRTTUSD
CWIF,USD,CWIFUSD
REM,USD,REMUSD
MAHA,USD,MAHAUSD
CQT,USD,CQTUSD
QUILL,USD,QUILLUSD
MPT,,
CA,USD,CAUSD
XTAG,USD,XTAGUSD
ANLOG,USD,ANLOGUSD
STOP,LUSD,STOPLUSD
MV,USD,MVUSD
REALIS,USD,REALISUSD
POOLX,USD,POOLXUSD
HAT,TUSD,HATTUSD
OBICOIN,USD,OBICOINUSD
SYLO,USD,SYLOUSD
GHIBLI,USD,GHIBLIUSD
FACTR,USD,FACTRUSD
EPIK,USD,EPIKUSD
BBSNEK,USD,BBSNEKUSD
BENDOG,USD,BENDOGUSD
VERSE,USD,VERSEUSD
BRICK,USD,BRICKUSD
RXD,USD,RXDUSD
MG8,USD,MG8USD
TALK,USD,TALKUSD
ELIZA,USD,ELIZAUSD
CREAM,USD,CREAMUSD
SOVRN,USD,SOVRNUSD
LEO,USD,LEOUSD
MSWAP,,
ARCH,WUSD,ARCHWUSD
MAZZE,USD,MAZZEUSD
CENNZ,USD,CENNZUSD
ISK,USD,ISKUSD
AREA,USD,AREAUSD
PRISMA,USD,PRISMAUSD
OMAX,USD,OMAXUSD
LBK,USD,LBKUSD
LUFFY,USD,LUFFYUSD
SKAI,USD,SKAIUSD
NSTR,USD,NSTRUSD
MCN,USD,MCNUSD
FUSE,USD,FUSEUSD
FISHW,USD,FISHWUSD
OOE,USD,OOEUSD
RNT,2USD,RNT2USD
TREMP,USD,TREMPUSD
VAI,USD,VAIUSD
FROGE,2USD,FROGE2USD
STRM,USD,STRMUSD
COVAL,USD,COVALUSD
BUCKAZOIDS,USD,BUCKAZOIDSUSD
LETIT,USD,LETITUSD
PROS,USD,PROSUSD
FIRE,USD,FIREUSD
GZONE,USD,GZONEUSD
SML,SUSD,SMLSUSD
ASK,USD,ASKUSD
RDT,USD,RDTUSD
TEVA,USD,TEVAUSD
CSIX,USD,CSIXUSD
RIF,USD,RIFUSD
TOP,USD,TOPUSD
MTS,,
IRIS,USD,IRISUSD
TRISIG,USD,TRISIGUSD
5IRE,USD,5IREUSD
HEU,USD,HEUUSD
LNDX,USD,LNDXUSD
AIN,USD,AINUSD
TRIO,OUSD,TRIOOUSD
MTS,,
XZK,USD,XZKUSD
OZK,OUSD,OZKOUSD
GOATS,2USD,GOATS2USD
OPTI,USD,OPTIUSD
LOULOU,USD,LOULOUUSD
MUMU,,
OSMI,USD,OSMIUSD
MVRS,,
XNA,USD,XNAUSD
SG,USD,SGUSD
DORKY,USD,DORKYUSD
VPAD,USD,VPADUSD
LMR,USD,LMRUSD
JUM,USD,JUMUSD
TROG,USD,TROGUSD
DUKO,USD,DUKOUSD
LMCSWAP,USD,LMCSWAPUSD
LUX,2USD,LUX2USD
NEXM,USD,NEXMUSD
WVTRS,USD,WVTRSUSD
BODEN,USD,BODENUSD
MONG,USD,MONGUSD
SERO,USD,SEROUSD
SERSH,USD,SERSHUSD
MEMESAI,USD,MEMESAIUSD
HXD,USD,HXDUSD
GOAL,USD,GOALUSD
BEER,CUSD,BEERCUSD
XCAD,USD,XCADUSD
SKOP,USD,SKOPUSD
LAIKA,2USD,LAIKA2USD
BOOCHIE,USD,BOOCHIEUSD
ANC,HUSD,ANCHUSD
SKYA,USD,SKYAUSD
BUBBLE,USD,BUBBLEUSD
GO,USD,GOUSD
VELAR,USD,VELARUSD
CBY,USD,CBYUSD
SHY,USD,SHYUSD
ML,USD,MLUSD
KIP,USD,KIPUSD
CTF,USD,CTFUSD
STORM,TUSD,STORMTUSD
RING,USD,RINGUSD
MTD,USD,MTDUSD
KITEAI,USD,KITEAIUSD
MEY,USD,MEYUSD
KILT,USD,KILTUSD
STB,USD,STBUSD
BOND,USD,BONDUSD
NAV,USD,NAVUSD
LCRO,USD,LCROUSD
NAI,,
XCHNG,USD,XCHNGUSD
SPT,USD,SPTUSD
BSX,USD,BSXUSD
CARR,USD,CARRUSD
EFFECT,USD,EFFECTUSD
LAI,USD,LAIUSD
FAKEAI,USD,FAKEAIUSD
AIPAD,USD,AIPADUSD
EVMOS,USD,EVMOSUSD
ORC,USD,ORCUSD
APX,USD,APXUSD
NAI,,
MEMDEX,USD,MEMDEXUSD
NEON,,
INSP,USD,INSPUSD
URO,LUSD,UROLUSD
3ULL,USD,3ULLUSD
TD,USD,TDUSD
GEEQ,USD,GEEQUSD
NEUR,,
SQR,USD,SQRUSD
MEE,USD,MEEUSD
GOONC,USD,GOONCUSD
GUMMY,USD,GUMMYUSD
RBC,USD,RBCUSD
JAM,USD,JAMUSD
LIXX,USD,LIXXUSD
EGP,USD,EGPUSD
MINT,USD,MINTUSD
DFC,AUSD,DFCAUSD
PART,USD,PARTUSD
DOMI,USD,DOMIUSD
RDAC,USD,RDACUSD
FRA,USD,FRAUSD
MICRO,GUSD,MICROGUSD
MINAR,USD,MINARUSD
DIO,USD,DIOUSD
VGX,USD,VGXUSD
WITCH,USD,WITCHUSD
FLORK,CUSD,FLORKCUSD
AZUR,USD,AZURUSD
DOGECOIN,USD,DOGECOINUSD
MBS,USD,MBSUSD
NIGHT,,
GRIN,USD,GRINUSD
FRIC,USD,FRICUSD
CLUSTR,USD,CLUSTRUSD
RENTA,USD,RENTAUSD
MTA,USD,MTAUSD
MDAO,USD,MDAOUSD
VEX,AUSD,VEXAUSD
RNT,2USD,RNT2USD
NUTS,TUSD,NUTSTUSD
MCONTENT,USD,MCONTENTUSD
NLC,,
NATO,USD,NATOUSD
PBX,USD,PBXUSD
AMAZINGTEAM,USD,AMAZINGTEAMUSD
NEOX,USD,NEOXUSD
CHAT,OUSD,CHATOUSD
RC,USD,RCUSD
RIZZMAS,USD,RIZZMASUSD
FINC,USD,FINCUSD
BLENDR,USD,BLENDRUSD
DECENTRALIZED,USD,DECENTRALIZEDUSD
GXE,USD,GXEUSD
BUBB,USD,BUBBUSD
PENG,USD,PENGUSD
RFL,USD,RFLUSD
EPIK,USD,EPIKUSD
NLS,,
BXBT,USD,BXBTUSD
RWA,USD,RWAUSD
MDOGS,USD,MDOGSUSD
MDUS,USD,MDUSUSD
JOY,DUSD,JOYDUSD
GNON,USD,GNONUSD
GARI,USD,GARIUSD
FROC,USD,FROCUSD
DOLZ,USD,DOLZUSD
EMYC,USD,EMYCUSD
JOB,USD,JOBUSD
AURA,USD,AURAUSD
TFNY,USD,TFNYUSD
DEB,USD,DEBUSD
MENGO,USD,MENGOUSD
NMT,,
LLM,LUSD,LLMLUSD
AICELL,USD,AICELLUSD
MILLI,USD,MILLIUSD
SPOT,USD,SPOTUSD
NRV,,
AKA,USD,AKAUSD
MAX,USD,MAXUSD
KLIMA,USD,KLIMAUSD
WBX,USD,WBXUSD
SUIAGENT,USD,SUIAGENTUSD
STARS,2USD,STARS2USD
CAS,USD,CASUSD
BABYBONK,2USD,BABYBONK2USD
SUAI,USD,SUAIUSD
WSI,USD,WSIUSD
NTRN,,
LFT,LUSD,LFTLUSD
LLD,USD,LLDUSD
STARS,2USD,STARS2USD
LIHUA,USD,LIHUAUSD
WEST,USD,WESTUSD
MDX,USD,MDXUSD
PASG,USD,PASGUSD
BVM,2USD,BVM2USD
OBOT,USD,OBOTUSD
NODL,USD,NODLUSD
OLE,USD,OLEUSD
SOPH,USD,SOPHUSD
NUMI,,
STBU,USD,STBUUSD
WRT,USD,WRTUSD
TAONU,USD,TAONUUSD
KIKI,CUSD,KIKICUSD
FMC,USD,FMCUSD
FXY,USD,FXYUSD
OTK,USD,OTKUSD
OGN,,
MARSH,USD,MARSHUSD
SLN,USD,SLNUSD
RITE,USD,RITEUSD
UPO,USD,UPOUSD
WELL,USD,WELLUSD
WCO,USD,WCOUSD
DGK,USD,DGKUSD
LF,2USD,LF2USD
ORNJ,USD,ORNJUSD
HMX,2USD,HMX2USD
BROCK,USD,BROCKUSD
TAPS,USD,TAPSUSD
OMNIA,,
NBT,USD,NBTUSD
G3,USD,G3USD
KOIN,USD,KOINUSD
BROCCOLI,USD,BROCCOLIUSD
CYBRO,USD,CYBROUSD
PZP,USD,PZPUSD
ASTROS,USD,ASTROSUSD
XERS,USD,XERSUSD
CAPS,USD,CAPSUSD
ORBI,,
BEPRO,USD,BEPROUSD
JETTON,USD,JETTONUSD
DFL,USD,DFLUSD
SUNCAT,USD,SUNCATUSD
KOII,USD,KOIIUSD
BARSIK,USD,BARSIKUSD
ZKB,AUSD,ZKBAUSD
HUAHUA,USD,HUAHUAUSD
PIXFI,USD,PIXFIUSD
COMAI,USD,COMAIUSD
DONKEY,USD,DONKEYUSD
ZF,USD,ZFUSD
MAK,USD,MAKUSD
GCOTI,USD,GCOTIUSD
REVV,USD,REVVUSD
ORBT,,
XOXNO,USD,XOXNOUSD
SPACE,USD,SPACEUSD
BEAT,USD,BEATUSD
BABYSHARK,USD,BABYSHARKUSD
ORDER,,
AGENT,USD,AGENTUSD
AGRO,USD,AGROUSD
KNINE,USD,KNINEUSD
OBI,USD,OBIUSD
BAI,FUSD,BAIFUSD
BLOCX,USD,BLOCXUSD
ARCA,LUSD,ARCALUSD
RPK,USD,RPKUSD
LETSBONK,USD,LETSBONKUSD
HEMULE,USD,HEMULEUSD
SGT,USD,SGTUSD
BRAINLET,USD,BRAINLETUSD
SILLY,USD,SILLYUSD
A1X,USD,A1XUSD
VNTR,USD,VNTRUSD
TEMA,USD,TEMAUSD
IVPAY,USD,IVPAYUSD
MLT,USD,MLTUSD
BSCPAD,USD,BSCPADUSD
LKI,LUSD,LKILUSD
FER,USD,FERUSD
KNJ,USD,KNJUSD
QLINDO,USD,QLINDOUSD
OSHI,,
OAX,USD,OAXUSD
HGG,USD,HGGUSD
NMKR,USD,NMKRUSD
XPX,USD,XPXUSD
F3,USD,F3USD
NGC,USD,NGCUSD
POWER,LUSD,POWERLUSD
LUMI,OUSD,LUMIOUSD
EQ,USD,EQUSD
BTCV,USD,BTCVUSD
RIDE,USD,RIDEUSD
SVPN,USD,SVPNUSD
1CAT,USD,1CATUSD
AAA,USD,AAAUSD
MNTL,USD,MNTLUSD
FRIEND,USD,FRIENDUSD
888,2USD,8882USD
WEFI,USD,WEFIUSD
SUDO,USD,SUDOUSD
BB,FUSD,BBFUSD
SAVM,USD,SAVMUSD
WSDM,USD,WSDMUSD
BRG,USD,BRGUSD
ELIX,USD,ELIXUSD
RST,USD,RSTUSD
SEIYAN,USD,SEIYANUSD
SNIFT,USD,SNIFTUSD
MTV,USD,MTVUSD
SBR,USD,SBRUSD
TROY,USD,TROYUSD
LL,DUSD,LLDUSD
PCH,,
WEXO,USD,WEXOUSD
FU,USD,FUUSD
STBOT,USD,STBOTUSD
HADES,USD,HADESUSD
BOO,USD,BOOUSD
SEAT,SUSD,SEATSUSD
DESCI,SUSD,DESCISUSD
CHONKY,USD,CHONKYUSD
BULLY,USD,BULLYUSD
SFIN,USD,SFINUSD
WSM,USD,WSMUSD
COT,USD,COTUSD
TATE,TUSD,TATETUSD
EVAN,USD,EVANUSD
RENQ,USD,RENQUSD
DMCP,USD,DMCPUSD
CKP,CUSD,CKPCUSD
RING,USD,RINGUSD
LNR,LUSD,LNRLUSD
NEIRO,USD,NEIROUSD
ERTHA,USD,ERTHAUSD
XR,USD,XRUSD
SNS,USD,SNSUSD
PACE,USD,PACEUSD
GBEX,USD,GBEXUSD
FSN,USD,FSNUSD
SENTAI,2USD,SENTAI2USD
MSN,USD,MSNUSD
MULTI,USD,MULTIUSD
MARS,HUSD,MARSHUSD
PERRY,,
GAINS,USD,GAINSUSD
SYL,USD,SYLUSD
REVU,USD,REVUUSD
TITS,USD,TITSUSD
BNBXBT,USD,BNBXBTUSD
PGN,,
MEI,USD,MEIUSD
CENX,USD,CENXUSD
AXM,AUSD,AXMAUSD
KM,DUSD,KMDUSD
OMZ,USD,OMZUSD
KOI,IUSD,KOIIUSD
MYSTERY,USD,MYSTERYUSD
GFT,USD,GFTUSD
PIKA,,
HUND,USD,HUNDUSD
DD,USD,DDUSD
WOZX,USD,WOZXUSD
VT,USD,VTUSD
KOM,USD,KOMUSD
ASM,USD,ASMUSD
NEI,USD,NEIUSD
DON,SUSD,DONSUSD
QBX,USD,QBXUSD
TSM,TUSD,TSMTUSD
CRU,USD,CRUUSD
VDA,USD,VDAUSD
INF,IUSD,INFIUSD
HANDY,USD,HANDYUSD
YULI,USD,YULIUSD
PONGO,2USD,PONGO2USD
PIKA,,
BULL,IUSD,BULLIUSD
EPX,USD,EPXUSD
DYOR,DUSD,DYORDUSD
HARD,USD,HARDUSD
XED,USD,XEDUSD
MINT,USD,MINTUSD
AI,RUSD,AIRUSD
ONDOAI,USD,ONDOAIUSD
PIKA,,
MUBARAKAH,USD,MUBARAKAHUSD
TST,TUSD,TSTTUSD
WALV,USD,WALVUSD
JAM,USD,JAMUSD
ZYGO,USD,ZYGOUSD
WING,USD,WINGUSD
BOOPA,USD,BOOPAUSD
COMBO,USD,COMBOUSD
LAIKA,2USD,LAIKA2USD
CHRP,USD,CHRPUSD
GHUB,USD,GHUBUSD
PIRATE,,
GLUTEU,USD,GLUTEUUSD
MOLI,USD,MOLIUSD
GHOAD,USD,GHOADUSD
ANON,HUSD,ANONHUSD
EYWA,USD,EYWAUSD
SIN,USD,SINUSD
AA,USD,AAUSD
TRCL,USD,TRCLUSD
SDM,USD,SDMUSD
PIZZA,,
NOODLE,USD,NOODLEUSD
4EVER,USD,4EVERUSD
SENATE,USD,SENATEUSD
QGOV,USD,QGOVUSD
LAVA,USD,LAVAUSD
XB,AUSD,XBAUSD
MBP,USD,MBPUSD
P3D,USD,P3DUSD
VCF,USD,VCFUSD
RX,USD,RXUSD
BNA,USD,BNAUSD
CATCH,SUSD,CATCHSUSD
BCCOIN,USD,BCCOINUSD
SKR,USD,SKRUSD
LEOX,USD,LEOXUSD
SEAL,USD,SEALUSD
XLS,USD,XLSUSD
EGO,USD,EGOUSD
EMR,USD,EMRUSD
DEOD,USD,DEODUSD
FURY,USD,FURYUSD
PELL,USD,PELLUSD
SUPE,USD,SUPEUSD
LEE,USD,LEEUSD
TAP,USD,TAPUSD
SEED,2USD,SEED2USD
GALAXIS,USD,GALAXISUSD
DYP,IUSD,DYPIUSD
LQ,USD,LQUSD
EFC,USD,EFCUSD
SHFT,USD,SHFTUSD
TOWER,USD,TOWERUSD
KUMA,USD,KUMAUSD
WIT,USD,WITUSD
WIZARD,GUSD,WIZARDGUSD
MEMHASH,USD,MEMHASHUSD
PANDA,DUSD,PANDADUSD
CATTON,USD,CATTONUSD
HST,HUSD,HSTHUSD
M,AVUSD,MAVUSD
MIR,RUSD,MIRRUSD
XTM,USD,XTMUSD
VSYS,USD,VSYSUSD
LINA,USD,LINAUSD
QTC,USD,QTCUSD
DRAC,BUSD,DRACBUSD
UDAO,USD,UDAOUSD
FCON,USD,FCONUSD
INTOS,USD,INTOSUSD
WX,USD,WXUSD
WATER,FUSD,WATERFUSD
FAN,FUSD,FANFUSD
POGAI,USD,POGAIUSD
TBTC,USD,TBTCUSD
UX,USD,UXUSD
TABOO,USD,TABOOUSD
DOGA,USD,DOGAUSD
OOKI,USD,OOKIUSD
DOGK,USD,DOGKUSD
FUND,USD,FUNDUSD
AMB,USD,AMBUSD
HOTCROSS,USD,HOTCROSSUSD
VMINT,USD,VMINTUSD
QUQ,USD,QUQUSD
DLC,USD,DLCUSD
PNDC,USD,PNDCUSD
ALOR,USD,ALORUSD
DIGI,CUSD,DIGICUSD
RFC,USD,RFCUSD
HOOD,RUSD,HOODRUSD
DIVER,USD,DIVERUSD
BOMB,LUSD,BOMBLUSD
KSN,USD,KSNUSD
HZM,USD,HZMUSD
SMILE,BUSD,SMILEBUSD
BONDLY,USD,BONDLYUSD
GPT,AUSD,GPTAUSD
SCIHUB,USD,SCIHUBUSD
BRWL,USD,BRWLUSD
STAR,HUSD,STARHUSD
XELS,USD,XELSUSD
HONK,2USD,HONK2USD
PLN,,
ARTFI,USD,ARTFIUSD
TALENT,USD,TALENTUSD
PIP,USD,PIPUSD
GNY,USD,GNYUSD
AIPO,CUSD,AIPOCUSD
AUC,AUSD,AUCAUSD
SAINT,USD,SAINTUSD
VMPX,USD,VMPXUSD
YOURAI,USD,YOURAIUSD
HAM,USD,HAMUSD
DOGE20,USD,DOGE20USD
PGPT,USD,PGPTUSD
PDEX,USD,PDEXUSD
BERRY,2USD,BERRY2USD
BABYNEIRO,USD,BABYNEIROUSD
LSS,USD,LSSUSD
DSLA,USD,DSLAUSD
GORA,USD,GORAUSD
XI,USD,XIUSD
UNIT0,USD,UNIT0USD
WNK,USD,WNKUSD
LESTER,USD,LESTERUSD
ITHACA,USD,ITHACAUSD
DIN,2USD,DIN2USD
PMG,USD,PMGUSD
RICHIE,USD,RICHIEUSD
IMT,IUSD,IMTIUSD
LBM,USD,LBMUSD
BETA,USD,BETAUSD
XRPC,USD,XRPCUSD
KANG,USD,KANGUSD
UBXS,USD,UBXSUSD
AVC,USD,AVCUSD
EVERY,USD,EVERYUSD
STIX,USD,STIXUSD
TRUST,TUSD,TRUSTTUSD
GOUT,USD,GOUTUSD
SPKY,GUSD,SPKYGUSD
FPS,WUSD,FPSWUSD
FOR,USD,FORUSD
TUP,USD,TUPUSD
ARTEM,USD,ARTEMUSD
DX,USD,DXUSD
NWS,USD,NWSUSD
STUPID,USD,STUPIDUSD
MOOV,USD,MOOVUSD
SKICAT,USD,SKICATUSD
FIGHT,2USD,FIGHT2USD
AKRO,USD,AKROUSD
POLK,USD,POLKUSD
BAKED,USD,BAKEDUSD
VATRENI,USD,VATRENIUSD
EXPERT,USD,EXPERTUSD
PMT,,
VOLT,USD,VOLTUSD
HNB,USD,HNBUSD
CBPAY,USD,CBPAYUSD
BEFE,USD,BEFEUSD
PNDR,,
UBU,USD,UBUUSD
FIGHT,2USD,FIGHT2USD
AEG,USD,AEGUSD
IQ50,USD,IQ50USD
FINE,USD,FINEUSD
KIBA,USD,KIBAUSD
FLX,USD,FLXUSD
SVN,SUSD,SVNSUSD
NOMOX,USD,NOMOXUSD
MBD,USD,MBDUSD
WATER,FUSD,WATERFUSD
GPTPLUS,USD,GPTPLUSUSD
PLYR,USD,PLYRUSD
JUSTICE,USD,JUSTICEUSD
MORRA,USD,MORRAUSD
NOTAI,USD,NOTAIUSD
DOGE,USD,DOGEUSD
ELON,USD,ELONUSD
CATALORIAN,2USD,CATALORIAN2USD
XPE,USD,XPEUSD
PAY,USD,PAYUSD
PNK,,
PEPEBRC,USD,PEPEBRCUSD
PIZA,USD,PIZAUSD
VIDT,DUSD,VIDTDUSD
PNT,,
AIFUN,USD,AIFUNUSD
VC,FUSD,VCFUSD
PLANET,USD,PLANETUSD
BIFI,USD,BIFIUSD
ARV,USD,ARVUSD
NIKO,USD,NIKOUSD
TORSY,USD,TORSYUSD
UFT,USD,UFTUSD
ROOBEE,USD,ROOBEEUSD
GOFX,USD,GOFXUSD
XYRO,USD,XYROUSD
BABY,USD,BABYUSD
DINO,LUSD,DINOLUSD
BERRY,2USD,BERRY2USD
RECORD,USD,RECORDUSD
PESTO,USD,PESTOUSD
ANALOS,USD,ANALOSUSD
MONIE,USD,MONIEUSD
DERI,USD,DERIUSD
CATBOY,USD,CATBOYUSD
ZOO,2USD,ZOO2USD
CLS,USD,CLSUSD
FREE,USD,FREEUSD
FOUR,USD,FOURUSD
TEER,USD,TEERUSD
ZEUM,USD,ZEUMUSD
ZENQ,USD,ZENQUSD
LOU,USD,LOUUSD
SUIP,USD,SUIPUSD
PNUT,,
JEFF,WUSD,JEFFWUSD
GQ,USD,GQUSD
ASTRA,USD,ASTRAUSD
AIEPK,USD,AIEPKUSD
GOZ,USD,GOZUSD
BTCBAM,USD,BTCBAMUSD
KLAUS,USD,KLAUSUSD
SENSO,USD,SENSOUSD
LBC,USD,LBCUSD
KROM,USD,KROMUSD
ECLD,USD,ECLDUSD
HOTKEY,USD,HOTKEYUSD
K21,USD,K21USD
BGSOL,USD,BGSOLUSD
JHH,USD,JHHUSD
MA,USD,MAUSD
XMON,USD,XMONUSD
BTC20,USD,BTC20USD
GDT,USD,GDTUSD
UMB,USD,UMBUSD
RMV,USD,RMVUSD
BTAF,USD,BTAFUSD
BBF,USD,BBFUSD
FREE,USD,FREEUSD
HOP,USD,HOPUSD
KLS,USD,KLSUSD
OMNI,CUSD,OMNICUSD
FMB,USD,FMBUSD
DEFROGS,USD,DEFROGSUSD
FLAT,USD,FLATUSD
WDOG,WUSD,WDOGWUSD
GAU,USD,GAUUSD
ACE,USD,ACEUSD
HVLO,USD,HVLOUSD
THREE,USD,THREEUSD
BRAWL,USD,BRAWLUSD
DOGEVERSE,USD,DOGEVERSEUSD
BAG,USD,BAGUSD
ZOON,USD,ZOONUSD
MOXIE,USD,MOXIEUSD
BUY,IUSD,BUYIUSD
VT,USD,VTUSD
YTC,USD,YTCUSD
ETERNAL,USD,ETERNALUSD
AM,USD,AMUSD
BLS,BUSD,BLSBUSD
RWAI,USD,RWAIUSD
KINT,USD,KINTUSD
POP,,
KINGSHIB,USD,KINGSHIBUSD
ABOND,USD,ABONDUSD
AUTO,2USD,AUTO2USD
TOMA,USD,TOMAUSD
WBC,USD,WBCUSD
POPE,,
SAUBER,USD,SAUBERUSD
UNI,USD,UNIUSD
SRK,USD,SRKUSD
TAMA,USD,TAMAUSD
APRS,USD,APRSUSD
DAPPX,USD,DAPPXUSD
PORK,,
DFYN,USD,DFYNUSD
CATGPT,2USD,CATGPT2USD
BFTOKEN,USD,BFTOKENUSD
SLICE,USD,SLICEUSD
LAYER,USD,LAYERUSD
MNRY,USD,MNRYUSD
AIAGENT,USD,AIAGENTUSD
MEAI,USD,MEAIUSD
HVH,USD,HVHUSD
TOKO,USD,TOKOUSD
NIZA,USD,NIZAUSD
ITHEUM,USD,ITHEUMUSD
AGLA,USD,AGLAUSD
INFRA,USD,INFRAUSD
CBL,USD,CBLUSD
BSCS,USD,BSCSUSD
KOS,USD,KOSUSD
NGL,USD,NGLUSD
BABY,USD,BABYUSD
RET,USD,RETUSD
SUGAR,BUSD,SUGARBUSD
AGNT,USD,AGNTUSD
GEC,GUSD,GECGUSD
VATAN,USD,VATANUSD
MUSKIT,USD,MUSKITUSD
WLKN,USD,WLKNUSD
WAM,USD,WAMUSD
PORTAL,,
LIMO,USD,LIMOUSD
DUREV,USD,DUREVUSD
SOMM,USD,SOMMUSD
MOBX,USD,MOBXUSD
PXP,USD,PXPUSD
BIOFI,USD,BIOFIUSD
LYUM,USD,LYUMUSD
ZKF,USD,ZKFUSD
BSSB,USD,BSSBUSD
DARK,USD,DARKUSD
ATN,USD,ATNUSD
HERE,USD,HEREUSD
DBX,USD,DBXUSD
PEN,USD,PENUSD
HLG,USD,HLGUSD
POT,,
YAM,USD,YAMUSD
FEAR,USD,FEARUSD
CELA,USD,CELAUSD
NEST,USD,NESTUSD
PPT,,
VISION,USD,VISIONUSD
ASI,USD,ASIUSD
BTF,BUSD,BTFBUSD
SUPFRIEND,USD,SUPFRIENDUSD
PAYU,USD,PAYUUSD
WAT,USD,WATUSD
MOONEY,USD,MOONEYUSD
VERT,USD,VERTUSD
SNFT,USD,SNFTUSD
LADYF,USD,LADYFUSD
THN,USD,THNUSD
CWA,USD,CWAUSD
BIST,USD,BISTUSD
VELAAI,USD,VELAAIUSD
FAFO,USD,FAFOUSD
MOSS,USD,MOSSUSD
DEEPSEEK,GUSD,DEEPSEEKGUSD
CHANGE,USD,CHANGEUSD
ZPAY,USD,ZPAYUSD
LYNX,USD,LYNXUSD
SOULS,USD,SOULSUSD
NUUM,USD,NUUMUSD
AME,USD,AMEUSD
BNBULL,USD,BNBULLUSD
ORDS,USD,ORDSUSD
CREPE,USD,CREPEUSD
KREST,USD,KRESTUSD
WANKO,USD,WANKOUSD
MTH,USD,MTHUSD
ROOST,USD,ROOSTUSD
NDC,2USD,NDC2USD
PRIME,,
PCX,USD,PCXUSD
NABOX,USD,NABOXUSD
TRG,USD,TRGUSD
IMARO,USD,IMAROUSD
JGN,USD,JGNUSD
WOOF,2USD,WOOF2USD
GOVI,USD,GOVIUSD
SHIFU,2USD,SHIFU2USD
DERP,USD,DERPUSD
DAFI,USD,DAFIUSD
APX,USD,APXUSD
MEPAD,USD,MEPADUSD
PROPS,,
SIMPSON,USD,SIMPSONUSD
GORILLA,2USD,GORILLA2USD
LLT,USD,LLTUSD
GINNAN,USD,GINNANUSD
CWS,USD,CWSUSD
ATOLO,USD,ATOLOUSD
TENET,USD,TENETUSD
UNO,RUSD,UNORUSD
WRKX,USD,WRKXUSD
CHAPZ,USD,CHAPZUSD
EJS,USD,EJSUSD
SWOP,USD,SWOPUSD
SCPT,USD,SCPTUSD
STRUMP,USD,STRUMPUSD
EMRLD,USD,EMRLDUSD
SMH,USD,SMHUSD
SORA,2USD,SORA2USD
NYAN,HUSD,NYANHUSD
SKEB,USD,SKEBUSD
PRT,,
ELIZA,USD,ELIZAUSD
NYZO,USD,NYZOUSD
FTR,FUSD,FTRFUSD
PNIC,USD,PNICUSD
PTC,,
GVL,USD,GVLUSD
VEXT,USD,VEXTUSD
KALIS,USD,KALISUSD
ALM,USD,ALMUSD
TREEINCAT,USD,TREEINCATUSD
TBCC,USD,TBCCUSD
RMRK,USD,RMRKUSD
AWARE,USD,AWAREUSD
HZN,USD,HZNUSD
SSG,SUSD,SSGSUSD
PALM,USD,PALMUSD
DOGGY,USD,DOGGYUSD
ELK,USD,ELKUSD
C,USD,CUSD
RABI,USD,RABIUSD
QAI,,
TURT,USD,TURTUSD
SATX,USD,SATXUSD
ECOTERRA,USD,ECOTERRAUSD
AIRDROP,USD,AIRDROPUSD
MOONED,USD,MOONEDUSD
DIGIMON,USD,DIGIMONUSD
BEFI,USD,BEFIUSD
POLC,USD,POLCUSD
XSPECTAR,USD,XSPECTARUSD
SON,USD,SONUSD
CWAR,USD,CWARUSD
RAKE,,
IVFUN,USD,IVFUNUSD
DUCKY,2USD,DUCKY2USD
MEER,USD,MEERUSD
POLYPAD,USD,POLYPADUSD
KNIGHT,USD,KNIGHTUSD
E4C,USD,E4CUSD
QIE,USD,QIEUSD
GRBE,USD,GRBEUSD
LITH,USD,LITHUSD
MUC,USD,MUCUSD
METANIA,GUSD,METANIAGUSD
NALS,USD,NALSUSD
GRV,USD,GRVUSD
LIGO,USD,LIGOUSD
XCV,USD,XCVUSD
PINE,USD,PINEUSD
CROWN,USD,CROWNUSD
BBT,USD,BBTUSD
TAKI,USD,TAKIUSD
KOLZ,USD,KOLZUSD
ASSAI,USD,ASSAIUSD
BURGER,USD,BURGERUSD
ELAND,USD,ELANDUSD
DRX,USD,DRXUSD
SIRIUS,FUSD,SIRIUSFUSD
BONKERS,USD,BONKERSUSD
NVIR,USD,NVIRUSD
MONI,USD,MONIUSD
FEARNOT,USD,FEARNOTUSD
RBT,,
OPAI,OUSD,OPAIOUSD
IDEA,USD,IDEAUSD
YAY,USD,YAYUSD
X,IUSD,XIUSD
CTI,USD,CTIUSD
ASH,SUSD,ASHSUSD
UP,IUSD,UPIUSD
PETUNIA,2USD,PETUNIA2USD
STFX,USD,STFXUSD
POR,USD,PORUSD
BTCST,USD,BTCSTUSD
DREAMS,USD,DREAMSUSD
RETH,,
WNT,USD,WNTUSD
E,GUSD,EGUSD
WYNN,USD,WYNNUSD
DIGG,USD,DIGGUSD
DETF,USD,DETFUSD
ZAP,USD,ZAPUSD
THOL,USD,THOLUSD
LBR,USD,LBRUSD
TRAVA,USD,TRAVAUSD
MEMERUNE,USD,MEMERUNEUSD
VRL,USD,VRLUSD
AUTISM,OUSD,AUTISMOUSD
NEOS,USD,NEOSUSD
NEOTECH,USD,NEOTECHUSD
APED,USD,APEDUSD
SONIC,USD,SONICUSD
NAIIVE,USD,NAIIVEUSD
ANDY,2USD,ANDY2USD
FLY,USD,FLYUSD
DOAI,USD,DOAIUSD
B3X,USD,B3XUSD
RIBBIT,USD,RIBBITUSD
LAIR,USD,LAIRUSD
JLP,USD,JLPUSD
ROCO,USD,ROCOUSD
RFUEL,USD,RFUELUSD
MEFA,USD,MEFAUSD
PRX,USD,PRXUSD
ROOK,USD,ROOKUSD
FYN,USD,FYNUSD
NAFT,USD,NAFTUSD
ADAPAD,USD,ADAPADUSD
PRISM,2USD,PRISM2USD
CROS,2USD,CROS2USD
SQRL,USD,SQRLUSD
AINN,USD,AINNUSD
MVX,USD,MVXUSD
REVO,,
CARAT,USD,CARATUSD
CSM,CUSD,CSMCUSD
IOEN,USD,IOENUSD
GURU,USD,GURUUSD
HAHA,USD,HAHAUSD
SSDX,USD,SSDXUSD
REX,,
CLND,USD,CLNDUSD
NETT,USD,NETTUSD
STND,USD,STNDUSD
RIB,,
ZAP,USD,ZAPUSD
CHMPZ,USD,CHMPZUSD
BITCI,USD,BITCIUSD
SOAR,USD,SOARUSD
SCOTTY,USD,SCOTTYUSD
TSUGT,USD,TSUGTUSD
GPTV,USD,GPTVUSD
MC,USD,MCUSD
WWY,USD,WWYUSD
FWC,USD,FWCUSD
ELU,USD,ELUUSD
NOM,USD,NOMUSD
BMI,USD,BMIUSD
CFI,USD,CFIUSD
PHTR,USD,PHTRUSD
VRT,USD,VRTUSD
WALK,USD,WALKUSD
FLAME,USD,FLAMEUSD
KUNCI,USD,KUNCIUSD
XRP20,USD,XRP20USD
TRUMPIUS,USD,TRUMPIUSUSD
TITAN,USD,TITANUSD
GGG,USD,GGGUSD
STOG,USD,STOGUSD
CAU,USD,CAUUSD
XPRESS,USD,XPRESSUSD
NAWS,USD,NAWSUSD
PEN,USD,PENUSD
LOWB,USD,LOWBUSD
PERC,USD,PERCUSD
VES,USD,VESUSD
METAL,USD,METALUSD
FRBK,USD,FRBKUSD
SHIBA,USD,SHIBAUSD
CRTAI,USD,CRTAIUSD
RUM,,
MATES,USD,MATESUSD
CEC,USD,CECUSD
DOGEN,USD,DOGENUSD
BMON,USD,BMONUSD
KEKE,USD,KEKEUSD
PVU,USD,PVUUSD
LUMOS,USD,LUMOSUSD
CYBA,USD,CYBAUSD
MARS4,USD,MARS4USD
SAI,,
SHELL,,
ALPHA,USD,ALPHAUSD
O4DX,USD,O4DXUSD
NLINK,USD,NLINKUSD
NAO,SUSD,NAOSUSD
AIX9,USD,AIX9USD
PMX,USD,PMXUSD
TRENCHAI,USD,TRENCHAIUSD
FP,USD,FPUSD
SHIDO,,
CHEWY,USD,CHEWYUSD
ZAI,ZUSD,ZAIZUSD
POCHITA,USD,POCHITAUSD
MEMEAI,2USD,MEMEAI2USD
RPLS,USD,RPLSUSD
SOS,USD,SOSUSD
BXC,USD,BXCUSD
XPI,USD,XPIUSD
GSYS,GUSD,GSYSGUSD
ZYN,USD,ZYNUSD
HLO,USD,HLOUSD
SATOX,USD,SATOXUSD
NFTB,USD,NFTBUSD
ICONS,USD,ICONSUSD
SHRAP,,
BIAO,2USD,BIAO2USD
SCB,SUSD,SCBSUSD
PIAI,USD,PIAIUSD
NFTFI,USD,NFTFIUSD
BLUE,FUSD,BLUEFUSD
XWG,USD,XWGUSD
FUNEX,USD,FUNEXUSD
AJUN,USD,AJUNUSD
PEANUT,USD,PEANUTUSD
RDEX,USD,RDEXUSD
LRT,USD,LRTUSD
KTN,USD,KTNUSD
VEMP,USD,VEMPUSD
DIKO,USD,DIKOUSD
CATDOG,USD,CATDOGUSD
EVO,USD,EVOUSD
RECT,USD,RECTUSD
SPACEPI,,
BLAZE,SUSD,BLAZESUSD
AICODE,USD,AICODEUSD
BEENZ,USD,BEENZUSD
SETAI,USD,SETAIUSD
NCN,USD,NCNUSD
REACH,USD,REACHUSD
NEWM,USD,NEWMUSD
SLING,USD,SLINGUSD
PICA,SUSD,PICASUSD
SPORE,,
DPET,USD,DPETUSD
FLOWER,USD,FLOWERUSD
FOUR,USD,FOURUSD
GINUX,USD,GINUXUSD
ARC,USD,ARCUSD
MSB,USD,MSBUSD
AMU,USD,AMUUSD
KOY,USD,KOYUSD
ZEE,USD,ZEEUSD
KAP,USD,KAPUSD
KZEN,USD,KZENUSD
HYPER,USD,HYPERUSD
CHATTY,USD,CHATTYUSD
PC,IUSD,PCIUSD
DECHAT,USD,DECHATUSD
SQUID,,
TRALA,USD,TRALAUSD
ONE,USD,ONEUSD
AX,USD,AXUSD
VIA,OUSD,VIAOUSD
NAYM,USD,NAYMUSD
AIPUMP,USD,AIPUMPUSD
SECOND,USD,SECONDUSD
ECLIP,USD,ECLIPUSD
SCCP,USD,SCCPUSD
ZENI,ZUSD,ZENIZUSD
GTA,USD,GTAUSD
AIR,USD,AIRUSD
DNOW,USD,DNOWUSD
XPET,USD,XPETUSD
WACME,USD,WACMEUSD
TIFI,USD,TIFIUSD
UBX,USD,UBXUSD
JULD,USD,JULDUSD
SCOTTY,USD,SCOTTYUSD
ALLIN,USD,ALLINUSD
PYM,USD,PYMUSD
BLOCK,GUSD,BLOCKGUSD
TFI,TUSD,TFITUSD
ZUZALU,USD,ZUZALUUSD
HRSE,USD,HRSEUSD
LYM,USD,LYMUSD
KABY,USD,KABYUSD
CHEYENNE,USD,CHEYENNEUSD
AMO,USD,AMOUSD
THG,USD,THGUSD
FORM,FUSD,FORMFUSD
AST,USD,ASTUSD
VDR,USD,VDRUSD
DOGE20,USD,DOGE20USD
INTR,USD,INTRUSD
SPO,USD,SPOUSD
SCT,USD,SCTUSD
XSEED,USD,XSEEDUSD
METAV,USD,METAVUSD
IPX,IUSD,IPXIUSD
BABYELON,USD,BABYELONUSD
CATGOLD,USD,CATGOLDUSD
TKAI,USD,TKAIUSD
NOOT,USD,NOOTUSD
BRKL,USD,BRKLUSD
MEMAGX,USD,MEMAGXUSD
ANGLE,USD,ANGLEUSD
AVG,USD,AVGUSD
ARIX,USD,ARIXUSD
QWT,USD,QWTUSD
RETIK,USD,RETIKUSD
AIT,AUSD,AITAUSD
PLUG,USD,PLUGUSD
BHO,USD,BHOUSD
RWN,USD,RWNUSD
KRIPTO,USD,KRIPTOUSD
BBL,BUSD,BBLBUSD
SEILOR,USD,SEILORUSD
BABYBTC,BUSD,BABYBTCBUSD
SAKAI,USD,SAKAIUSD
OCH,USD,OCHUSD
UBSN,USD,UBSNUSD
NUX,USD,NUXUSD
ANDR,USD,ANDRUSD
TTM,USD,TTMUSD
ROOM,USD,ROOMUSD
SGR,USD,SGRUSD
STRONG,USD,STRONGUSD
IDNA,USD,IDNAUSD
ROUTINE,USD,ROUTINEUSD
VDT,USD,VDTUSD
KTON,USD,KTONUSD
GROW,USD,GROWUSD
SPS,USD,SPSUSD
PERL,USD,PERLUSD
MITH,USD,MITHUSD
HYVE,USD,HYVEUSD
BCMC,USD,BCMCUSD
GEC,GUSD,GECGUSD
ZELIX,USD,ZELIXUSD
FRIN,USD,FRINUSD
GAME,BUSD,GAMEBUSD
TIMES,USD,TIMESUSD
OGGY,USD,OGGYUSD
MUNITY,USD,MUNITYUSD
NAOS,USD,NAOSUSD
SEX,2USD,SEX2USD
STLS,,
POSI,USD,POSIUSD
ALT,BUSD,ALTBUSD
CONV,USD,CONVUSD
FULA,USD,FULAUSD
HOD,USD,HODUSD
STONKS,,
WOM,USD,WOMUSD
INVITE,USD,INVITEUSD
DREP,USD,DREPUSD
GNESS,USD,GNESSUSD
LTD,USD,LTDUSD
SATO,USD,SATOUSD
ODDZ,USD,ODDZUSD
WFT,USD,WFTUSD
MJT,USD,MJTUSD
XRPAYNET,USD,XRPAYNETUSD
CFN,USD,CFNUSD
WECO,USD,WECOUSD
AOG,USD,AOGUSD
MTR,USD,MTRUSD
LION,USD,LIONUSD
EDEN,USD,EDENUSD
ELDA,USD,ELDAUSD
EXVG,USD,EXVGUSD
STONKS,,
AIRTNT,USD,AIRTNTUSD
MINE,SUSD,MINESUSD
REKT,USD,REKTUSD
BFT,USD,BFTUSD
EARLY,USD,EARLYUSD
LOA,USD,LOAUSD
OZONE,USD,OZONEUSD
CARBON,2USD,CARBON2USD
KONO,USD,KONOUSD
SPXC,USD,SPXCUSD
STAGE,USD,STAGEUSD
MTVT,USD,MTVTUSD
RDF,USD,RDFUSD
MPH,USD,MPHUSD
OLT,USD,OLTUSD
FRM,USD,FRMUSD
DOPE,DUSD,DOPEDUSD
HAN,USD,HANUSD
SHIB20,SUSD,SHIB20SUSD
MAGA,2USD,MAGA2USD
PKR,USD,PKRUSD
FRTS,USD,FRTSUSD
BNSX,USD,BNSXUSD
AART,USD,AARTUSD
DVA,USD,DVAUSD
FYDE,USD,FYDEUSD
STORE,,
KDG,USD,KDGUSD
ZLW,USD,ZLWUSD
RUFF,USD,RUFFUSD
ZENIQ,USD,ZENIQUSD
MICE,USD,MICEUSD
PARAM,USD,PARAMUSD
RUNI,USD,RUNIUSD
PLENA,USD,PLENAUSD
GODL,USD,GODLUSD
D2T,USD,D2TUSD
WELT,USD,WELTUSD
GENO,USD,GENOUSD
KAT,AUSD,KATAUSD
BARS,USD,BARSUSD
SPFC,USD,SPFCUSD
ORAIX,USD,ORAIXUSD
CATHEON,USD,CATHEONUSD
SNM,USD,SNMUSD
F2C,USD,F2CUSD
EMPIRE,USD,EMPIREUSD
PRIMAL,USD,PRIMALUSD
WAS,USD,WASUSD
WNDR,USD,WNDRUSD
CBX,USD,CBXUSD
SOUTH,USD,SOUTHUSD
WORK,USD,WORKUSD
LIBERTA,USD,LIBERTAUSD
BPT,BUSD,BPTBUSD
HQ,USD,HQUSD
SNS,USD,SNSUSD
PUNKAI,USD,PUNKAIUSD
MAT,USD,MATUSD
GAMES,2USD,GAMES2USD
DOGECAST,USD,DOGECASTUSD
AIBB,USD,AIBBUSD
INSUR,USD,INSURUSD
ARS,USD,ARSUSD
METO,USD,METOUSD
SHILL,USD,SHILLUSD
CRT,USD,CRTUSD
SYNC,HUSD,SYNCHUSD
RODAI,USD,RODAIUSD
CLH,USD,CLHUSD
TRUMPCOIN,USD,TRUMPCOINUSD
RFR,USD,RFRUSD
COBE,USD,COBEUSD
TIME,USD,TIMEUSD
AFG,USD,AFGUSD
CGX,FUSD,CGXFUSD
MAJO,USD,MAJOUSD
LUFC,USD,LUFCUSD
STT,,
NOOB,BUSD,NOOBBUSD
MIST,USD,MISTUSD
WQT,USD,WQTUSD
CRGPT,USD,CRGPTUSD
SUNWUKONG,,
PUNCH,OUSD,PUNCHOUSD
CSAS,USD,CSASUSD
BIF,USD,BIFUSD
RAB,USD,RABUSD
NEAT,USD,NEATUSD
BEANS,SUSD,BEANSSUSD
SAKE,USD,SAKEUSD
FEVR,USD,FEVRUSD
HAWKTUAH,USD,HAWKTUAHUSD
BROCCOLI,USD,BROCCOLIUSD
APTR,USD,APTRUSD
C4E,USD,C4EUSD
CHER,USD,CHERUSD
IDV,USD,IDVUSD
SLOP,USD,SLOPUSD
VPT,USD,VPTUSD
SWAN,,
PCNT,USD,PCNTUSD
BALLZ,USD,BALLZUSD
EQX,USD,EQXUSD
CYBONK,USD,CYBONKUSD
HEC,USD,HECUSD
LENDS,USD,LENDSUSD
OGC,USD,OGCUSD
PUMPAI,USD,PUMPAIUSD
NBS,USD,NBSUSD
SWING,,
KINE,USD,KINEUSD
ORB,USD,ORBUSD
BAC,USD,BACUSD
LWC,USD,LWCUSD
CHMB,USD,CHMBUSD
SWRV,USD,SWRVUSD
SXCH,,
TOH,USD,TOHUSD
ACQ,USD,ACQUSD
GALO,USD,GALOUSD
SMX,USD,SMXUSD
ODIN,CUSD,ODINCUSD
DCOIN,DUSD,DCOINDUSD
LIFE,CUSD,LIFECUSD
BP,USD,BPUSD
ARX,USD,ARXUSD
AGB,USD,AGBUSD
SYNTH,RUSD,SYNTHRUSD
BLT,BUSD,BLTBUSD
NFE,USD,NFEUSD
HANA,USD,HANAUSD
GAIA,USD,GAIAUSD
AIDOGEXLM,USD,AIDOGEXLMUSD
PBR,USD,PBRUSD
VALUE,USD,VALUEUSD
UNIO,USD,UNIOUSD
FU,USD,FUUSD
PONCH,USD,PONCHUSD
BTCF,USD,BTCFUSD
AVAXAI,USD,AVAXAIUSD
SOLX,USD,SOLXUSD
TUNE,BUSD,TUNEBUSD
47,USD,47USD
GLINT,USD,GLINTUSD
MSU,USD,MSUUSD
VALOR,USD,VALORUSD
YESP,USD,YESPUSD
FORA,USD,FORAUSD
PEPA,USD,PEPAUSD
ORFY,USD,ORFYUSD
AIVA,USD,AIVAUSD
NEVER,USD,NEVERUSD
BCT,CUSD,BCTCUSD
TBANK,USD,TBANKUSD
LEGEND,USD,LEGENDUSD
TAI,,
JAN,USD,JANUSD
LAND,OUSD,LANDOUSD
PBUX,USD,PBUXUSD
DERP,USD,DERPUSD
DFY,USD,DFYUSD
PUMLX,USD,PUMLXUSD
COOK,USD,COOKUSD
XNO,USD,XNOUSD
RAFT,USD,RAFTUSD
ORION,USD,ORIONUSD
PEANUT,USD,PEANUTUSD
TAT,,
WEAR,USD,WEARUSD
SSWP,USD,SSWPUSD
KIM,AUSD,KIMAUSD
ZAT,USD,ZATUSD
UDO,USD,UDOUSD
ETHO,USD,ETHOUSD
OXY,USD,OXYUSD
CIRUS,USD,CIRUSUSD
JANET,USD,JANETUSD
SHARE,USD,SHAREUSD
POKEMON,USD,POKEMONUSD
LABS,USD,LABSUSD
NFTD,USD,NFTDUSD
SOLS,USD,SOLSUSD
GENS,USD,GENSUSD
MEME,USD,MEMEUSD
UNN,USD,UNNUSD
KOAI,USD,KOAIUSD
HGET,USD,HGETUSD
TRAXX,USD,TRAXXUSD
CAIR,USD,CAIRUSD
IBFK,USD,IBFKUSD
BLADE,GUSD,BLADEGUSD
IGU,USD,IGUUSD
ROSX,USD,ROSXUSD
FINA,USD,FINAUSD
FOCAI,USD,FOCAIUSD
ELONDOGE,USD,ELONDOGEUSD
BIRD,USD,BIRDUSD
MLXC,USD,MLXCUSD
SNK,USD,SNKUSD
BFLOKI,BUSD,BFLOKIBUSD
PIX,IUSD,PIXIUSD
TERRA,,
WZRD,USD,WZRDUSD
MEDUSA,USD,MEDUSAUSD
GOLD,CUSD,GOLDCUSD
FOREX,USD,FOREXUSD
ORT,USD,ORTUSD
EGAME,USD,EGAMEUSD
SOH,USD,SOHUSD
TES,,
KT,AUSD,KTAUSD
BXC,USD,BXCUSD
YFDAI,USD,YFDAIUSD
GROOVE,USD,GROOVEUSD
PSUB,USD,PSUBUSD
CAMT,USD,CAMTUSD
TRUMP2024,USD,TRUMP2024USD
DFA,USD,DFAUSD
TRACE,USD,TRACEUSD
PAINT,USD,PAINTUSD
ANEX,USD,ANEXUSD
ALTB,USD,ALTBUSD
TOSHI,,
UCO,USD,UCOUSD
TRC,LUSD,TRCLUSD
PATEX,USD,PATEXUSD
LOE,USD,LOEUSD
TESLAI,USD,TESLAIUSD
TUA,USD,TUAUSD
NEROX,USD,NEROXUSD
AIRI,USD,AIRIUSD
TRADE,,
IONX,USD,IONXUSD
TREAT,,
DOSE,USD,DOSEUSD
OPN,USD,OPNUSD
SPOT,USD,SPOTUSD
PANDO,USD,PANDOUSD
SLRS,USD,SLRSUSD
JUICE,FUSD,JUICEFUSD
BBC,BUSD,BBCBUSD
TWIN,,
U,,
AKITA,USD,AKITAUSD
PSY,USD,PSYUSD
KLO,USD,KLOUSD
ULTI,,
SUPR,USD,SUPRUSD
ULTIMA,,
ENO,USD,ENOUSD
ELONMARS,USD,ELONMARSUSD
DOGE,USD,DOGEUSD
YBR,USD,YBRUSD
MMSS,USD,MMSSUSD
COLLE,USD,COLLEUSD
SUIDEPIN,USD,SUIDEPINUSD
EML,USD,EMLUSD
BORING,USD,BORINGUSD
ALA,USD,ALAUSD
AES,USD,AESUSD
SINGLE,USD,SINGLEUSD
SCM,USD,SCMUSD
SPELLFIRE,USD,SPELLFIREUSD
CNS,USD,CNSUSD
SUPER,USD,SUPERUSD
CHPD,USD,CHPDUSD
XPNET,USD,XPNETUSD
Y8U,USD,Y8UUSD
VPP,USD,VPPUSD
PLSPAD,USD,PLSPADUSD
VP,RUSD,VPRUSD
FINE,USD,FINEUSD
ROCKI,USD,ROCKIUSD
TIN,USD,TINUSD
CR,USD,CRUSD
NEBL,USD,NEBLUSD
ZKID,USD,ZKIDUSD
TRUMPEPE,USD,TRUMPEPEUSD
VPR,USD,VPRUSD
DHV,USD,DHVUSD
0DOG,USD,0DOGUSD
LGX,USD,LGXUSD
GINOA,USD,GINOAUSD
KUBE,USD,KUBEUSD
UNDEAD,USD,UNDEADUSD
DOGE,USD,DOGEUSD
SENC,USD,SENCUSD
TTK,USD,TTKUSD
FIN,USD,FINUSD
FST,USD,FSTUSD
USHARK,USD,USHARKUSD
FERC,USD,FERCUSD
PLASTIK,USD,PLASTIKUSD
EGON,CUSD,EGONCUSD
ASW,USD,ASWUSD
SHI,USD,SHIUSD
PWAR,USD,PWARUSD
CRE8,USD,CRE8USD
CDX,USD,CDXUSD
DUCK,USD,DUCKUSD
GARD,USD,GARDUSD
ATRS,USD,ATRSUSD
MAGA,2USD,MAGA2USD
BISO,USD,BISOUSD
POPK,USD,POPKUSD
ZEBU,USD,ZEBUUSD
HIBS,USD,HIBSUSD
GSTOP,USD,GSTOPUSD
DKS,USD,DKSUSD
BS,USD,BSUSD
FRR,USD,FRRUSD
SAIL,BUSD,SAILBUSD
KICKS,USD,KICKSUSD
MOVEZ,USD,MOVEZUSD
APYS,USD,APYSUSD
STAR10,USD,STAR10USD
ZONE,USD,ZONEUSD
2MOON,USD,2MOONUSD
RGAME,USD,RGAMEUSD
BONUS,USD,BONUSUSD
PPAD,USD,PPADUSD
HOMER,SUSD,HOMERSUSD
ATK,USD,ATKUSD
BNBAI,BUSD,BNBAIBUSD
RAIN,USD,RAINUSD
VTS,USD,VTSUSD
RBLS,USD,RBLSUSD
PTS,USD,PTSUSD
NETZ,USD,NETZUSD
SUNNY,USD,SUNNYUSD
SSNC,USD,SSNCUSD
GAN,USD,GANUSD
KNFT,USD,KNFTUSD
BMAX,USD,BMAXUSD
PGC,USD,PGCUSD
SFTY,USD,SFTYUSD
CAP,OUSD,CAPOUSD
REAP,USD,REAPUSD
CHILLAX,USD,CHILLAXUSD
BLASTUP,USD,BLASTUPUSD
MEGALAND,USD,MEGALANDUSD
KCAL,USD,KCALUSD
BUSY,USD,BUSYUSD
BABYNEIRO,USD,BABYNEIROUSD
ARGON,USD,ARGONUSD
GOLC,USD,GOLCUSD
SWAY,USD,SWAYUSD
WAG,USD,WAGUSD
FPFT,USD,FPFTUSD
TOS,CUSD,TOSCUSD
TGRASS,USD,TGRASSUSD
EKTA,USD,EKTAUSD
COAI,USD,COAIUSD
GSTS,USD,GSTSUSD
MBLK,USD,MBLKUSD
YIDO,USD,YIDOUSD
CNDY,USD,CNDYUSD
ICNX,USD,ICNXUSD
SPOL,SUSD,SPOLSUSD
ING,IUSD,INGIUSD
BUNNY,USD,BUNNYUSD
TCP,USD,TCPUSD
LFW,USD,LFWUSD
AKITAX,USD,AKITAXUSD
SHONG,USD,SHONGUSD
BRT,USD,BRTUSD
RINO,USD,RINOUSD
ARES,USD,ARESUSD
CAT,AUSD,CATAUSD
AXL,IUSD,AXLIUSD
DXGM,USD,DXGMUSD
BSV,USD,BSVUSD
N3,USD,N3USD
BSPT,USD,BSPTUSD
ABDS,USD,ABDSUSD
ALPA,USD,ALPAUSD
ASM,USD,ASMUSD
OCB,OUSD,OCBOUSD
CTOK,USD,CTOKUSD
MATCH,USD,MATCHUSD
NFM,USD,NFMUSD
AXIS,USD,AXISUSD
BRCST,USD,BRCSTUSD
WSG,USD,WSGUSD
CVTX,USD,CVTXUSD
USDE,,
SITY,USD,SITYUSD
MIDLE,USD,MIDLEUSD
MELOS,USD,MELOSUSD
USDM,,
WNZ,USD,WNZUSD
LOOT,USD,LOOTUSD
BITBULL,USD,BITBULLUSD
GCOIN,USD,GCOINUSD
VARA,,
DMCK,USD,DMCKUSD
T23,USD,T23USD
VEIL,,
MAF,USD,MAFUSD
WISTA,USD,WISTAUSD
TTT,USD,TTTUSD
NXD,USD,NXDUSD
CTR,USD,CTRUSD
CHAMP,USD,CHAMPUSD
QWAN,USD,QWANUSD
ZZZ,USD,ZZZUSD
AD,USD,ADUSD
SOCIAL,USD,SOCIALUSD
ZAM,USD,ZAMUSD
CYCON,USD,CYCONUSD
AARK,USD,AARKUSD
HALO,USD,HALOUSD
TRR,USD,TRRUSD
HUSL,USD,HUSLUSD
SUIRWA,USD,SUIRWAUSD
PSB,USD,PSBUSD
STAR,HUSD,STARHUSD
NSURE,USD,NSUREUSD
FTON,USD,FTONUSD
MTMS,USD,MTMSUSD
XODEX,USD,XODEXUSD
SLC,USD,SLCUSD
ZP,USD,ZPUSD
PARA,LUSD,PARALUSD
CRF,USD,CRFUSD
REAL,USD,REALUSD
REAL,USD,REALUSD
HRT,USD,HRTUSD
TX20,USD,TX20USD
TRUMP,DUSD,TRUMPDUSD
VISTA,,
GORK,USD,GORKUSD
BBT,USD,BBTUSD
PAYS,USD,PAYSUSD
KING,USD,KINGUSD
SHOOT,USD,SHOOTUSD
EGG,USD,EGGUSD
EZ,USD,EZUSD
CAL,USD,CALUSD
SALD,USD,SALDUSD
MEGAHERO,USD,MEGAHEROUSD
FIWA,USD,FIWAUSD
BD20,USD,BD20USD
KBOX,USD,KBOXUSD
MATRIX,OUSD,MATRIXOUSD
TIDAL,USD,TIDALUSD
JINGLE,USD,JINGLEUSD
PERA,USD,PERAUSD
TOX,USD,TOXUSD
HYCO,USD,HYCOUSD
KFT,USD,KFTUSD
SNY,USD,SNYUSD
GPT,AUSD,GPTAUSD
OPS,USD,OPSUSD
SHOE,USD,SHOEUSD
WOLF,,
ALPHR,USD,ALPHRUSD
IQT,USD,IQTUSD
OFF,USD,OFFUSD
AZY,USD,AZYUSD
EVA,USD,EVAUSD
TRIVIA,USD,TRIVIAUSD
SQUAD,USD,SQUADUSD
WOLF,,
3KM,USD,3KMUSD
EGAX,USD,EGAXUSD
EVA,USD,EVAUSD
PARMA,USD,PARMAUSD
DOGGO,USD,DOGGOUSD
KAMA,USD,KAMAUSD
PRARE,USD,PRAREUSD
DEFAI,DUSD,DEFAIDUSD
DT,DUSD,DTDUSD
LEGION,USD,LEGIONUSD
MGKL,USD,MGKLUSD
PORT,USD,PORTUSD
TAPROOT,USD,TAPROOTUSD
BWLD,USD,BWLDUSD
TAUR,USD,TAURUSD
ALY,USD,ALYUSD
SAO,USD,SAOUSD
CATA,USD,CATAUSD
WIN,USD,WINUSD
WOLF,,
SPUME,USD,SPUMEUSD
PSI,TUSD,PSITUSD
CRAFT,USD,CRAFTUSD
GAME,BUSD,GAMEBUSD
AIE,USD,AIEUSD
AWT,USD,AWTUSD
GLS,GUSD,GLSGUSD
LITHO,USD,LITHOUSD
WRX,,
RAGE,USD,RAGEUSD
LAY3R,USD,LAY3RUSD
ANML,USD,ANMLUSD
DAL,USD,DALUSD
MOT,USD,MOTUSD
LUC,RUSD,LUCRUSD
MEME,USD,MEMEUSD
VSX,USD,VSXUSD
PRIDE,USD,PRIDEUSD
TYT,USD,TYTUSD
MHUNT,USD,MHUNTUSD
1EARTH,USD,1EARTHUSD
SR30,USD,SR30USD
WX,USD,WXUSD
METAX,USD,METAXUSD
AAA,USD,AAAUSD
FIU,USD,FIUUSD
KMON,USD,KMONUSD
OLAND,USD,OLANDUSD
PETOSHI,USD,PETOSHIUSD
SRP,USD,SRPUSD
MOE,USD,MOEUSD
RENA,USD,RENAUSD
DNXC,USD,DNXCUSD
NERD,USD,NERDUSD
LSD,LUSD,LSDLUSD
ADF,USD,ADFUSD
BYN,USD,BYNUSD
CARE,USD,CAREUSD
SKYRIM,USD,SKYRIMUSD
HERA,USD,HERAUSD
FNZ,USD,FNZUSD
REIGN,USD,REIGNUSD
ARBI,USD,ARBIUSD
ORO,USD,OROUSD
OME,USD,OMEUSD
WSB,,
MDCX,FUSD,MDCXFUSD
HOME,USD,HOMEUSD
RANKER,USD,RANKERUSD
AVALOX,USD,AVALOXUSD
ISME,USD,ISMEUSD
AIAKITA,USD,AIAKITAUSD
DRINK,USD,DRINKUSD
MESA,USD,MESAUSD
HDV,USD,HDVUSD
LFG,USD,LFGUSD
GAYPEPE,USD,GAYPEPEUSD
JET,SUSD,JETSUSD
ZODI,USD,ZODIUSD
GENIE,SUSD,GENIESUSD
FDC,USD,FDCUSD
ULD,USD,ULDUSD
AGII,USD,AGIIUSD
YCT,USD,YCTUSD
COPA,USD,COPAUSD
EIM,USD,EIMUSD
AVERY,USD,AVERYUSD
SMART,2USD,SMART2USD
RATIO,USD,RATIOUSD
MCASH,USD,MCASHUSD
GTAVI,USD,GTAVIUSD
DMLG,USD,DMLGUSD
AQA,USD,AQAUSD
SFG,USD,SFGUSD
PUMP,2USD,PUMP2USD
PRMX,USD,PRMXUSD
TYPE,IUSD,TYPEIUSD
NFTL,USD,NFTLUSD
OCN,USD,OCNUSD
CRT,USD,CRTUSD
LEMN,USD,LEMNUSD
HONEY,USD,HONEYUSD
SPIZ,USD,SPIZUSD
NCTR,USD,NCTRUSD
DEK,USD,DEKUSD
IMAYC,USD,IMAYCUSD
RAM,USD,RAMUSD
HORD,USD,HORDUSD
DEDA,USD,DEDAUSD
CAW,USD,CAWUSD
XAR,,
TXT,USD,TXTUSD
VMT,USD,VMTUSD
SKM,USD,SKMUSD
DFND,USD,DFNDUSD
MGA,USD,MGAUSD
MDF,USD,MDFUSD
BDT,BUSD,BDTBUSD
PURSE,USD,PURSEUSD
ITEM,USD,ITEMUSD
WELD,USD,WELDUSD
XEC,,
JOY,DUSD,JOYDUSD
NBP,USD,NBPUSD
SER,USD,SERUSD
ZTG,USD,ZTGUSD
STREETH,USD,STREETHUSD
OMN,USD,OMNUSD
BLIN,USD,BLINUSD
NZERO,USD,NZEROUSD
EMON,USD,EMONUSD
KFC,USD,KFCUSD
OPA,USD,OPAUSD
MOTG,USD,MOTGUSD
ESG,USD,ESGUSD
GOLD,CUSD,GOLDCUSD
TPY,USD,TPYUSD
DANA,USD,DANAUSD
SNET,USD,SNETUSD
MNFT,USD,MNFTUSD
LBA,USD,LBAUSD
MINI,USD,MINIUSD
MNZ,USD,MNZUSD
MMPRO,USD,MMPROUSD
ZSC,USD,ZSCUSD
EXD,USD,EXDUSD
DXCT,USD,DXCTUSD
DEFX,USD,DEFXUSD
XFI,,
JFI,USD,JFIUSD
XIN,,
TCT,USD,TCTUSD
TANPIN,USD,TANPINUSD
BACON,USD,BACONUSD
SNTR,USD,SNTRUSD
KNOT,USD,KNOTUSD
DMS,USD,DMSUSD
CRP,USD,CRPUSD
VTG,USD,VTGUSD
OMC,USD,OMCUSD
BIGBALLS,USD,BIGBALLSUSD
ICT,USD,ICTUSD
VRX,USD,VRXUSD
XION,,
ONS,USD,ONSUSD
TAP,USD,TAPUSD
GTC,USD,GTCUSD
METAN,USD,METANUSD
YFX,USD,YFXUSD
BEAR,IUSD,BEARIUSD
1000SATS,USD,1000SATSUSD
SASHIMI,USD,SASHIMIUSD
RICE,USD,RICEUSD
BNY,TUSD,BNYTUSD
RPG,USD,RPGUSD
UNM,USD,UNMUSD
ZERO,AUSD,ZEROAUSD
SMR,USD,SMRUSD
PBTC35A,USD,PBTC35AUSD
ONC,USD,ONCUSD
XNK,IUSD,XNKIUSD
DFI,USD,DFIUSD
CHAIN,USD,CHAINUSD
KBD,USD,KBDUSD
LSD,LUSD,LSDLUSD
FTI,USD,FTIUSD
GTCOIN,USD,GTCOINUSD
DIS,USD,DISUSD
INK,USD,INKUSD
BCDN,USD,BCDNUSD
VOLR,USD,VOLRUSD
PLACE,USD,PLACEUSD
CT,FUSD,CTFUSD
GETA,USD,GETAUSD
VATR,USD,VATRUSD
KRU,USD,KRUUSD
YACHT,USD,YACHTUSD
KAF,USD,KAFUSD
CCL,2USD,CCL2USD
GOGLZ,USD,GOGLZUSD
UNICE,USD,UNICEUSD
REMUS,USD,REMUSUSD
MASS,USD,MASSUSD
ONX,USD,ONXUSD
NESS,LUSD,NESSLUSD
TAPT,USD,TAPTUSD
SMILEY,USD,SMILEYUSD
HCT,USD,HCTUSD
NVG8,USD,NVG8USD
BABI,USD,BABIUSD
BASE,USD,BASEUSD
MPAA,USD,MPAAUSD
CHATAI,USD,CHATAIUSD
OKT,USD,OKTUSD
COVN,USD,COVNUSD
MART,USD,MARTUSD
SOP,USD,SOPUSD
AICORE,USD,AICOREUSD
MAPE,USD,MAPEUSD
QTLX,USD,QTLXUSD
MDI,USD,MDIUSD
X,IUSD,XIUSD
XHP,USD,XHPUSD
CRH,CUSD,CRHCUSD
FUD,USD,FUDUSD
MNEMO,USD,MNEMOUSD
KEL,USD,KELUSD
GODE,USD,GODEUSD
ATOZ,USD,ATOZUSD
SUIA,USD,SUIAUSD
ESS,USD,ESSUSD
PMG,USD,PMGUSD
OVO,USD,OVOUSD
NAC,USD,NACUSD
NBOT,USD,NBOTUSD
SHD,USD,SHDUSD
CNNS,USD,CNNSUSD
FAKT,USD,FAKTUSD
HOLD,SUSD,HOLDSUSD
SAT,USD,SATUSD
TOKKI,USD,TOKKIUSD
FTM,USD,FTMUSD
FIRE,USD,FIREUSD
EQ,USD,EQUSD
BAKED,USD,BAKEDUSD
MIS,USD,MISUSD
HIT,USD,HITUSD
DRF,USD,DRFUSD
SHIBAI,USD,SHIBAIUSD
MXNA,USD,MXNAUSD
CRYN,USD,CRYNUSD
RATING,USD,RATINGUSD
EGS,USD,EGSUSD
BIFI,USD,BIFIUSD
SHOPX,USD,SHOPXUSD
ETP,USD,ETPUSD
TXT,USD,TXTUSD
SWINGBY,USD,SWINGBYUSD
NVG,USD,NVGUSD
FNS,USD,FNSUSD
TIP,USD,TIPUSD
TRU,USD,TRUUSD
BLES,USD,BLESUSD
ACN,USD,ACNUSD
TWIF,USD,TWIFUSD
BFT,USD,BFTUSD
SMT,USD,SMTUSD
BIOP,USD,BIOPUSD
RSIC,USD,RSICUSD
TCGC,USD,TCGCUSD
SRC,SUSD,SRCSUSD
ABL,USD,ABLUSD
MATIC,USD,MATICUSD
TRENCHER,USD,TRENCHERUSD
STZ,USD,STZUSD
XOXO,,
YEE,,
PT,USD,PTUSD
SELO,USD,SELOUSD
ZEUS,,
STAR,HUSD,STARHUSD
EPIKO,USD,EPIKOUSD
SKT,USD,SKTUSD
EXS,USD,EXSUSD
MTG,USD,MTGUSD
AIR,USD,AIRUSD
ELEC,USD,ELECUSD
KMA,USD,KMAUSD
PAW,USD,PAWUSD
SBR,USD,SBRUSD
MOOO,USD,MOOOUSD
LBTC,USD,LBTCUSD
ATNT,USD,ATNTUSD
SFL,2USD,SFL2USD
PAF,USD,PAFUSD
FUEL,USD,FUELUSD
WSIENNA,USD,WSIENNAUSD
DDD,USD,DDDUSD
MUDOL2,USD,MUDOL2USD
NSDX,USD,NSDXUSD
TRC,LUSD,TRCLUSD
FARM,USD,FARMUSD
TARI,USD,TARIUSD
ZEUS,,
DPY,USD,DPYUSD
SAY,USD,SAYUSD
DHX,USD,DHXUSD
LEMD,USD,LEMDUSD
SMARS,USD,SMARSUSD
GOTG,USD,GOTGUSD
EVRY,USD,EVRYUSD
MOBI,USD,MOBIUSD
GM,USD,GMUSD
DEUS,USD,DEUSUSD
BTL,USD,BTLUSD
DBD,USD,DBDUSD
GOV,USD,GOVUSD
PLB,USD,PLBUSD
GENOME,USD,GENOMEUSD
LOTT,USD,LOTTUSD
TUBES,USD,TUBESUSD
BNTY,USD,BNTYUSD
MILO,USD,MILOUSD
STA,USD,STAUSD
SOLVEX,USD,SOLVEXUSD
HBD,USD,HBDUSD
XET,USD,XETUSD
TARDI,USD,TARDIUSD
ZIX,USD,ZIXUSD
SOUL,USD,SOULUSD
QI,USD,QIUSD
BSX,USD,BSXUSD
AVTM,USD,AVTMUSD
KPN,USD,KPNUSD
FLURRY,USD,FLURRYUSD
BLACK,USD,BLACKUSD
PINEYE,USD,PINEYEUSD
VEE,FUSD,VEEFUSD
FINE,USD,FINEUSD
STRAX,USD,STRAXUSD
RVC,USD,RVCUSD
SPAY,USD,SPAYUSD
OGGY,USD,OGGYUSD
APN,USD,APNUSD
PIG,USD,PIGUSD
TNC,TUSD,TNCTUSD
OST,USD,OSTUSD
PI,USD,PIUSD
CEM,USD,CEMUSD
MRCH,USD,MRCHUSD
MRST,USD,MRSTUSD
XUSD,2USD,XUSD2USD
CS,USD,CSUSD
PEARL,USD,PEARLUSD
XIL,USD,XILUSD
ORD,USD,ORDUSD
BCX,USD,BCXUSD
BTO,USD,BTOUSD